Subject,Movement_sequence,Movement_repetition,Movement_orientation,Xsens_recording_name,Xsens_comment,,Heure Xsens,Time diff,Pupil time,Pupil_folder,Pupil_recording_name,labeled,Expertise,Picture_face,Picture_side,max_threshold_acceleration,air_time_threshold,Xsens_jump_idx,Pupil_jump_idx,Pupil_frames_zero,Xsens_frames_zero,Treatment,,State,Twist_side,Notes
GuSe,4-/ 43/ 4-/ 43/ 4-/ 43/ 4-/,0 0 1 1 2 2 3,1 1 -1 -1 1 1 -1,GuSe_01,GuSe_4-_43_1,Test_17032021-002,12:58:26,0:07:38,13:06:04,2021-08-18_13-06-04-47da83ad,ab92cfe0_0.0-289.74,,Elite,IMG_7352.JPG,278714802_368303055344674_4324478428299023371_n.jpg,3,0.25,1 2 3 4 5,6 7 8 9 10,,0 200,,,OK,D,
GuSe,4-/ 43/ 4-/ 43/ 4-/ 43/ 4-/ 43/,0 0 1 1 2 2 3 3,1 1 -1 -1 1 1 -1 -1,GuSe_02,GuSe_4-_43_2,Test_17032021-003,13:05:14,0:07:38,13:12:52,2021-08-18_13-12-52-de913cc7,e38715cc_0.0-70.235,Mat,Elite,IMG_7352.JPG,278714802_368303055344674_4324478428299023371_n.jpg,4,0.25,0 1 2 3 4 5,1 2 3 4 5 6,,0 200,,,OK,D,
GuSe,4-o 41o 4-o 41o 4-o 41o 4-o 41o,0 0 1 1 2 2 3 3,1 1 -1 -1 1 1 -1 -1,GuSe_03,GuSe_4-_41_1,Test_17032021-004,13:07:50,0:07:38,13:15:28,2021-08-18_13-15-28-a93ef5e6,cb14768f_0.0-37.299,Mat,Elite,IMG_7352.JPG,278714802_368303055344674_4324478428299023371_n.jpg,,,,,,0 100,,,OK,D,
GuSe,41/ 42/ 41/ 42/ 41/ 42/ 41/ 42/,0 0 1 1 2 2 3 3,1 -1 -1 1 1 -1 -1 1,GuSe_04,GuSe_41-_42_1,Test_17032021-005,13:10:03,0:07:38,13:17:41,2021-08-18_13-17-41-d331853f,bf42b062_0.0-36.371,Mat,Elite,IMG_7352.JPG,278714802_368303055344674_4324478428299023371_n.jpg,3.5,0.25,2 3 4 5,3 4 5 6,,0 200,,,OK,D,
GuSe,41/ 42/ 41/ 42/ 41/ 42/ 41/ 42/ 41/ 42/ 41/ 42/,0 0 1 1 2 2 3 3 4 4 5 5,1 -1 -1 1 1 -1 -1 1 1 -1 -1 1,GuSe_05,GuSe_41-_42_2,Test_17032021-006,13:11:35,0:07:38,13:19:13,2021-08-18_13-19-13-cf27ff30,d64e6cd0_0.0-41.395,Mat,Elite,IMG_7352.JPG,278714802_368303055344674_4324478428299023371_n.jpg,3,0.25,,,,0 200,,,OK,D,
GuSe,4-o 8-1o 8--o,0 0 0,1 1 -1,GuSe_06,GuSe_8-1-8,Test_17032021-007,13:26:30,0:07:38,13:34:08,2021-08-18_13-34-08-24bb26ee,df297219_0.0-43.588,Yes,Elite,IMG_7352.JPG,278714802_368303055344674_4324478428299023371_n.jpg,3,0.25,,,,0 100,,,OK,D,
GuSe,4-o 8-1o 8--o 8-1o 8--o 8-1o 8--o 8-1o 8--o 8-1o 8--o,0 0 0 1 1 2 2 3 3 4 4,1 1 -1 -1 1 1 -1 -1 1 1 -1,GuSe_07,GuSe_8-1-8--_2,Test_17032021-008,13:27:38,0:07:38,13:35:16,2021-08-18_13-35-16-9b2cbd26,66676453_0.0-44.375,Mat,Elite,IMG_7352.JPG,278714802_368303055344674_4324478428299023371_n.jpg,3,0.25,0 1 2,5 6 7,,0 50,,,OK,D,
GuSe,4-o 8-1o 822/,0 0 0,1 1 -1,GuSe_08,GuSe_822_1,Test_17032021-009,13:30:14,0:07:38,13:37:52,2021-08-18_13-37-52-438720fa,bbc03433_0.0-32.879,Mat,Elite,IMG_7352.JPG,278714802_368303055344674_4324478428299023371_n.jpg,,,,,,,,,,,Probleme reconstruction
GuSe,4-o 8-1o 822/ 4-o 8-1o 822/ 4-o 8-1o,0 0 0 1 1 1 2 2,1 1 -1 1 1 -1 1 1,GuSe_09,GuSe_822_2,Test_17032021-010,13:36:52,0:07:38,13:44:30,2021-08-18_13-44-30-59a16e25,3eb5f745_0.0-107.708,,Elite,IMG_7352.JPG,278714802_368303055344674_4324478428299023371_n.jpg,3.5,0.25,1 2 3 4 5 6,0 1 2 3 4 5,,0 60,,,OK,D,
GuSe,4-o 8-1o 822/,0 0 0,1 1 -1,GuSe_10,GuSe_822_3,Test_17032021-011,13:41:06,0:07:38,13:48:44,2021-08-18_13-48-44-85bd6651,34c75d9c_0.0-28.191,Mat,Elite,IMG_7352.JPG,278714802_368303055344674_4324478428299023371_n.jpg,,,,,,0 65,,,OK,D,
GuSe,4-/ 41/ 4-/ 41/ 4-/ 41/ 4-/ 41/ 4-/,0 0 1 1 2 2 3 3 4,1 1 -1 -1 1 1 -1 -1 1,GuSe_11,GuSe_4-_41_2,Test_17032021-012,13:42:35,0:07:38,13:50:13,2021-08-18_13-50-13-7a57dfdc,031a7384_0.0-41.479,Mat,Elite,IMG_7352.JPG,278714802_368303055344674_4324478428299023371_n.jpg,,,,,,20 220,,,OK,D,
GuSe,4-o 8-1< 811<,0 0 0,1 1 -1,GuSe_12,GuSe_8-1_811_1,Test_17032021-013,13:44:18,0:07:38,13:51:56,2021-08-18_13-51-56-0c3cd486,8126b14b_0.0-342.656,,Elite,IMG_7352.JPG,278714802_368303055344674_4324478428299023371_n.jpg,3,0.25,2 3 4 5 6 7 8 9,0 1 2 3 4 5 6 7,,400 480,,,OK,D,
GuSe,4-o 8-1< 811< 8-1< 811< 8-1< 811<,0 0 0 1 1 2 2,1 1 -1 -1 1 1 -1,GuSe_13,GuSe_8-1_811_2,Test_17032021-014,13:53:58,0:07:38,14:01:36,2021-08-18_14-01-36-0cc59610,edd7bc9b_0.0-61.259,Mat,Elite,IMG_7352.JPG,278714802_368303055344674_4324478428299023371_n.jpg,,,1 2 3 4 5 6,0 1 2 3 4 5,,0 150,,,OK,D,
GuSe,4-o 831<,0 0,1 1,GuSe_14,GuSe_831_1,Test_17032021-015,13:57:55,0:07:38,14:05:33,2021-08-18_14-05-33-424eff94,a4ff449f_0.0-120.283,,Elite,IMG_7352.JPG,278714802_368303055344674_4324478428299023371_n.jpg,3,,3 4 5 6 7 8,0 1 2 3 4 5,,300 430,,,OK,D,
GuSe,4-o 831<,0 0,1 1,GuSe_15,GuSe_831_2,Test_17032021-016,14:00:42,0:07:38,14:08:20,2021-08-18_14-08-20-756a1f22,21a4bb0b_0.0-32.981,Mat,Elite,IMG_7352.JPG,278714802_368303055344674_4324478428299023371_n.jpg,,,2 3 4 5 6 7 8,0 1 2 3 4 5 6,,310 430,,,OK,D,
GuSe,4-o 831< 4-o 831< 4-o 831<,0 0 1 1 2 2,1 1 1 1 1 1,GuSe_16,GuSe_831_3,Test_17032021-017,14:01:43,0:07:38,14:09:21,2021-08-18_14-09-21-638e6197,07b7371d_0.0-54.708,Mat,Elite,IMG_7352.JPG,278714802_368303055344674_4324478428299023371_n.jpg,3.4,,0 1 2 3 4 5 6,0 1 2 3 4 5 6,,150 300,,,OK,D,
GuSe,4-o 8-3< 4-o 8-3< 4-o 8-3< 4-o 8-3< 4-o 8-3<,0 0 1 1 2 2 3 3 4 4,1 1 -1 -1 1 1 -1 -1 1 1,GuSe_17,GuSe_8-3_1,Test_17032021-018,14:03:43,0:07:38,14:11:21,2021-08-18_14-11-21-abe379e3,5bfe7f12_0.0-80.592,,Elite,IMG_7352.JPG,278714802_368303055344674_4324478428299023371_n.jpg,2.5,0.5,0 1 2 3 4 5 6,1 2 3 4 5 6 7,,0 200,,,OK,D,
GuSe,4-o 41o 4-o 41/ 4-o 41o 4-o 41o 4-o 41o,0 0 1 0 2 1 3 2 4 3,1 1 -1 -1 1 1 -1 -1 1 1,GuSe_18,GuSe_4-_41_3,Test_17032021-019,14:07:26,0:07:38,14:15:04,2021-08-18_14-15-04-a9fcd6fc,8c0535e4_0.0-69.614,,Elite,IMG_7352.JPG,278714802_368303055344674_4324478428299023371_n.jpg,,,0 1 2 3 4 5 6 7 8 9,0 1 2 3 4 5 6 7 8 9,,0 50,,,OK,D,
SoMe,4-o 43/ 4-o 43/ 4-o 43/ 4-o 43/ 4-o 43/,0 0 1 1 2 2 3 3 4 4,1 1 1 1 1 1 1 1 1 1,SoMe_01,SoMe_3-_43_1,Test_17032021-020,3:00:43,12:08:16,15:08:59,2021-08-18_15-08-59-d8f3dd1f,aba5dcc7_0.0-78.997,Mat,Elite,SoMe_face.jpg,SoMe_cote.jpg,2.5,0.5,0 1 2 3 4,1 2 3 4 5,,540 640,,,OK,G,
SoMe,8-1< 811< 8-1< 811< 8-1< 811< 8-1< 811< 8-1< 811<,0 0 1 1 2 2 3 3 4 4,1 -1 1 -1 1 -1 1 -1 1 -1,SoMe_02,SoMe_8-1_811_1,Test_17032021-021,3:02:57,12:08:17,15:11:14,2021-08-18_15-11-14-07c67341,d72d5fd8_0.0-183.487,,Elite,SoMe_face.jpg,SoMe_cote.jpg,,,2 3 4 5 6 7 8 9 10,0 1 2 3 4 5 6 7 8,,230 320,,,OK,G,
SoMe,4-o 41o 4-o 41o 4-o 41o 4-o 41o 4-o 41o,0 0 1 1 2 2 3 3 4 4,1 1 -1 -1 1 1 -1 -1 1 1,SoMe_03,SoMe_4-_41_1,Test_17032021-022,3:07:17,12:08:18,15:15:35,2021-08-18_15-15-35-2203b556,9ae3261e_0.0-38.738,,Elite,SoMe_face.jpg,SoMe_cote.jpg,,,1 2 3 4 5 6,0 1 2 3 4 5,,50 130,,,OK,G,
SoMe,41/ 42/ 41/ 42/ 41/ 42/ 41/ 42/ 41/ 42/,0 0 1 1 2 2 3 3 4 4 5 5,1 -1 -1 1 1 -1 -1 1 1 -1,SoMe_04,SoMe_41_42_1,Test_17032021-023,3:09:19,12:08:19,15:17:38,2021-08-18_15-17-38-43b8273a,a62d4691_0.0-45.796,Yes,Elite,SoMe_face.jpg,SoMe_cote.jpg,3.5,0.25,0 1 2 3 4 5 6,0 1 2 3 4 5 6,,0 200,,,OK,G,Vision OCP
SoMe,8-1< 8-1< 822/ 8-1< 822/,0 1 0 2 1,1 1 -1 1 -1,SoMe_05,SoMe_822_1,Test_17032021-024,3:11:28,12:08:20,15:19:48,2021-08-18_15-19-48-a76ddeb0,7a58a3cd_0.0-143.266,,Elite,SoMe_face.jpg,SoMe_cote.jpg,,,,,,70 100,,,,G,Probleme Xsens 2 premier saut uniquement
SoMe,8-1< 822/ 8-1< 822/,0 0 1 1,1 -1 1 -1,SoMe_06,SoMe_822_2,Test_17032021-025,3:14:57,12:08:21,15:23:18,2021-08-18_15-23-18-344abba2,f442ba55_0.0-53.344,,Elite,SoMe_face.jpg,SoMe_cote.jpg,,,,,,80 110,,,,G,Probleme Xsens 2 premier saut uniquement
SoMe,8-1o 8--o,0 0,1 -1,SoMe_07,SoMe_8-1_8--_1,Test_17032021-028,3:19:24,12:08:22,15:27:46,2021-08-18_15-27-46-bc1d3905,de0dab85_0.0-111.867,,Elite,SoMe_face.jpg,SoMe_cote.jpg,,,0 1 2 3 4 5 6 7 8 9,0 1 2 3 4 5 6 7 8 9,,50 70,,,OK,G,
SoMe,8-1o 8--o 8-1o 8--o 8-1o 8--o 8-1o 8--o,0 0 1 1 2 2 3 3,1 -1 -1 1 1 -1 -1 1,SoMe_08,SoMe_8-1_8--_2,Test_17032021-029,3:21:49,12:08:23,15:30:12,2021-08-18_15-30-12-91d08fb2,a1b2dfa9_0.0-36.547,,Elite,SoMe_face.jpg,SoMe_cote.jpg,,,0 1 2 3 4 5 6 7,0 1 2 3 4 5 6 7,,0 40,,,OK,G,
SoMe,4-o 41o 4-o 41o 4-o 41o 4-o 41o 4-o,0 0 1 1 2 2 3 3 4,1 1 -1 -1 1 1 -1 -1 1,SoMe_09,SoMe_4-_41_2,Test_17032021-030,3:24:17,12:08:24,15:32:41,2021-08-18_15-32-41-785fde8f,f3a3b4b2_0.0-46.2,,Elite,SoMe_face.jpg,SoMe_cote.jpg,,,1 2 3 4 5 6 7 8 9,0 1 2 3 4 5 6 7 8,,60 260,,,OK,G,
SoMe,4-o 41o 4-o 41o 4-o 41o 4-o 41o 4-o 41o,0 0 1 1 2 2 3 3 4 4,1 1 -1 -1 1 1 -1 -1 1 1,SoMe_10,SoMe_4-_41_3,Test_17032021-031,3:25:51,12:08:25,15:34:16,2021-08-18_15-34-16-963963b4,0386b871_0.0-73.345,,Elite,SoMe_face.jpg,SoMe_cote.jpg,,,0 1 2 3 4 5 6 7 8 9,0 1 2 3 4 5 6 7 8 9,,240 440,,,OK,G,
SoMe,8-1< 831< 8-1< 831< 8-1< 831<,0 0 1 1 2 2,1 -1 1 -1 1 -1,SoMe_11,SoMe_831_1,Test_17032021-032,3:27:45,12:08:26,15:36:11,2021-08-18_15-36-11-e829b25e,87972c15_0.0-105.114,,Elite,SoMe_face.jpg,SoMe_cote.jpg,4,0.35,3 4 5 6 7 8 9 10 11 12,2 3 4 5 6 7 8 9 10 11,,270 290,,,OK,G,Vision OCP
SoMe,8-1< 831<,0 0,1 -1 1 -1,SoMe_12,SoMe_831_2,Test_17032021-033,3:31:41,12:08:27,15:40:08,2021-08-18_15-40-08-5c112f63,c2a19850_0.0-113.083,,Elite,SoMe_face.jpg,SoMe_cote.jpg,2.5,0.25,0 1 2 3 4 5 6 7 8 9 10,0 1 2 3 4 5 6 7 8 9 10,,0 150,,,OK,G,Vision OCP
SoMe,41/ 42/ 41/ 42/ 41/ 42/ 41/ 42/ 41/ 42/,0 0 1 1 2 2 3 3 4 4,1 -1 -1 1 1 -1 -1 1 1 -1,SoMe_13,SoMe_41_42_2,Test_17032021-035,3:34:55,12:08:28,15:43:23,2021-08-18_15-43-23-9ac01ddd,caccfb24_0.0-48.286,Mat,Elite,SoMe_face.jpg,SoMe_cote.jpg,5.5,0.25,0 1 2 3 4 5 6 7 8 9,0 1 2 3 4 5 6 7 8 9,,130 330,,,OK,G,Vision OCP
SoMe,4-/ 43/ 4-/ 43/ 4-/ 43/ 4-/ 43/ 4-/ 43/,0 0 1 1 2 2 3 3 4 4,1 1 -1 -1 1 1 -1 -1 1 1,SoMe_14,SoMe_4-_43_2,Test_17032021-036,3:36:35,12:08:29,15:45:04,2021-08-18_15-45-04-e34e868d,62f77c56_0.0-59.395,Mat,Elite,SoMe_face.jpg,SoMe_cote.jpg,3.5,0.25,0 1 2 3 4 5,0 1 2 3 4 5,,200 400,,,OK,G,
SoMe,4-< 8-3< 4-< 8-3< 4-< 8-3<,0 0 1 1 2 2,1 1 1 1 1 1,SoMe_15,SoMe_8-3_1,Test_17032021-037,3:39:44,12:08:30,15:48:14,2021-08-18_15-48-14-f0261b27,250fe66a_0.0-90.687,,Elite,SoMe_face.jpg,SoMe_cote.jpg,,,10 11 12 13 14,6 7 8 9 10,,360 440,,,OK,G,que veux dire 4-<
SoMe,4-< 8-3< 4-< 8-3<,0 0 1 1,1 1 1 1,SoMe_16,SoMe_8-3_2,Test_17032021-038,3:42:17,12:08:31,15:50:48,2021-08-18_15-50-48-0e2d3b95,a8fb6bf8_0.0-53.089,,Elite,SoMe_face.jpg,SoMe_cote.jpg,,,0 1 2 3 4 5 6 7 8 9 10,0 1 2 3 4 5 6 7 8 9 10,,0 20,,,OK,G,que veux dire 4-<
SoMe,4-o 41o 4-o 41o,0 0 1 1,1 1 -1 -1,SoMe_17,SoMe_4-_41_4,Test_17032021-039,3:44:11,12:08:32,15:52:43,2021-08-18_15-52-43-ea2233ea,afd8db20_0.0-132.337,,Elite,SoMe_face.jpg,SoMe_cote.jpg,,,1 2 3 4 5,0 1 2 3 4,,60 80,,,OK,G,
SoMe,4-o 41o 4-o 41o 4-o 41o 4-o 41o 4-o 41o,0 0 1 1 2 2 3 3 4 4,1 1 -1 -1 1 1 -1 -1 1 1,SoMe_18,SoMe_4-_41_5,Test_17032021-040,3:46:30,12:08:33,15:55:03,2021-08-18_15-55-03-70661bfd,f50429b1_0.0-35.983,,Elite,SoMe_face.jpg,SoMe_cote.jpg,,,1 2 3 4 5,0 1 2 3 4,,0 130,,,OK,G,
SaMi,4-/ 43/ 4-o 4-/ 43/ 4-/ 43/,0 0 0 1 1 2 2,1 1 -1 1 1 1 1,SaMi_01,SaMi_4-_43_1,Test_17032021-041,4:35:21,12:08:26,16:43:47,2021-08-18_16-43-47-bb7bd88b,f60d249b_0.0-60.05,Mat,Elite,IMG_7359.JPG,IMG_7360.JPG,3.5,0.25,2 3 4 5 6,0 1 2 3 4,,460 660,,,OK,G,
SaMi,4-/ 43/ 4-/ 43/ 4-/ 43/,0 0 1 1 2 2,1 1 1 1 1 1,SaMi_02,SaMi_4-_43_2,Test_17032021-042,4:41:36,12:08:26,16:50:02,2021-08-18_16-50-02-b15355e5,9884f602_0.0-52.451,Mat,Elite,IMG_7359.JPG,IMG_7360.JPG,3.5,0.25,0 1 2 3 4 5,0 1 2 3 4 5,,670 870,,,OK,G,Attention tete croche!!!
SaMi,41/ 42/ 41/ 42/ 41/ 42/ 41/ 42/ 41/ 42/,0 0 1 1 2 2 3 3 4 4,1 -1 -1 1 1 -1 -1 1 1 -1,SaMi_03,SaMi_41_42_1,Test_17032021-043,4:44:52,12:08:26,16:53:18,2021-08-18_16-53-18-ec36e005,41400296_0.0-44.243,Mat,Elite,IMG_7359.JPG,IMG_7360.JPG,3.5,0.25,7 8 9 10 11,0 1 2 3 4,,1125 1325,,,OK,G,Attention tete croche!!!
SaMi,4-/ 8-3<,0 0,1 1,SaMi_04,SaMi_83_1,Test_17032021-044,4:48:54,12:08:26,16:57:20,2021-08-18_16-57-20-95b6c4f3,60ccd5ca_0.0-197.348,,Elite,IMG_7359.JPG,IMG_7360.JPG,,,,,,,,,,,Pas de saut
SaMi,4-/ 8-3< 4-/ 8-3< 4-/ 8-3<,0 0 1 1 2 2,1 1 1 1 1 1,SaMi_05,SaMi_8-3_2,Test_17032021-045,4:53:44,12:08:26,17:02:10,2021-08-18_17-02-10-b9909759,2ab6e9eb_0.0-58.851,Mat,Elite,IMG_7359.JPG,IMG_7360.JPG,4,0.5,1 2 3 4 5 6,0 1 2 3 4 5,,50 250,,,OK,G,
SaMi,4-/ 8-3< 4-/ 8-3<,0 0 1 1,1 1 1 1,SaMi_06,SaMi_8-3_2,Test_17032021-046,4:55:57,12:08:26,17:04:23,2021-08-18_17-04-23-371d080b,4bf72986_0.0-43.061,Mat,Elite,IMG_7359.JPG,IMG_7360.JPG,,,,,,,,,,,Problem Xsens
SaMi,4-/ 8-1o,0 0,1 1,SaMi_07,SaMi_8-1_1,Test_17032021-048,4:59:18,12:08:26,17:07:44,2021-08-18_17-07-44-77a628fb,d74a7fd2_0.0-99.247,,Elite,IMG_7359.JPG,IMG_7360.JPG,,,1 2 3 4 5 6 7 8,0 1 2 3 4 5 6 7,,0 140,,,OK,G,
SaMi,4-/ 8-1o 8--o 8-1o 8--o 8-1o,0 0 0 1 1 2,1 1 -1 -1 1 1,SaMi_08,SaMi_8-1_8--_2,Test_17032021-049,5:04:09,12:08:26,17:12:35,2021-08-18_17-12-35-edf3a650,2e573bd0_0.0-33.592,Mat,Elite,IMG_7359.JPG,IMG_7360.JPG,,,,,,0 40,,,OK,G,
SaMi,4-/ 8-1o 8--o 8-1o,0 0 0 1,1 1 -1 1,SaMi_09,SaMi_8-1_8--_3,Test_17032021-050,5:08:05,12:08:26,17:16:31,2021-08-18_17-16-31-3bbe0932,125b2cf9_0.0-294.335,,Elite,IMG_7359.JPG,IMG_7360.JPG,,,,,,100 300,,,OK,G,
SaMi,4-/ 8-1o 8--o 8-1o 8--o,0 0 0 1 1,1 1 -1 -1 1,SaMi_10,SaMi_8-1_8--_4,Test_17032021-051,5:14:08,12:08:26,17:22:34,2021-08-18_17-22-34-4bd50028,4e50beb8_0.0-29.451,Mat,Elite,IMG_7359.JPG,IMG_7360.JPG,,,,,,200 400,,,OK,G,
SaMi,4-/ 43/ 4-/ 43/ 4-/ 43/ 4-/ 43/ 4-/,0 0 1 1 2 2 3 3 4,1 1 1 1 1 1 1 1 1,SaMi_11,SaMi_4-_43_2,Test_17032021-052,5:15:36,12:08:26,17:24:02,2021-08-18_17-24-02-b95983db,31a5eaac_0.0-64.489,Mat,Elite,IMG_7359.JPG,IMG_7360.JPG,3.5,0.5,1 2 3 4 5 6 7,1 2 3 4 5 6 7,,350 550,,,OK,G,
SaMi,4-o 41o 4-o 41,0 0 1 1,1 1 -1 -1,SaMi_12,SaMi_4-_42_1,Test_17032021-053,5:30:45,12:08:26,17:39:11,2021-08-18_17-39-11-d2c9e72a,25d90fd0_0.0-20.917,Mat,Elite,IMG_7359.JPG,IMG_7360.JPG,,,,,,,,,,,Video crash
SaMi,4-o 41o 4-o 41o 4-o 41o 4-o 41o 4-o 41o,0 0 1 1 2 2 3 3 4 4,1 1 -1 -1 1 1 -1 -1 1 1,SaMi_13,SaMi_4-_42_2(_1),Test_17032021-054,0:05:53,12:08:26,12:14:19,2021-08-19_12-14-19-a66470ef,266b5c3d_0.0-42.993,Mat,Elite,IMG_7359.JPG,IMG_7360.JPG,,,,,,,,,,,Modele haut du corps seulement
SaMi,8-1< 811< 8-1<,0 0 1,1 -1 -1,SaMi_14,SaMi_8-1_811_1,Test_17032021-055,0:07:43,12:08:26,12:16:09,2021-08-19_12-16-09-92d8d3e0,98858d36_0.0-29.953,Mat,Elite,IMG_7359.JPG,IMG_7360.JPG,,,,,,,,,,,Modele haut du corps seulement
SaMi,8-1< 811<,0 0,1 -1,SaMi_15,SaMi_8-1_811_2,Test_17032021-056,0:08:41,12:08:26,12:17:07,2021-08-19_12-17-07-0dca46ad,53031d91_0.0-30.589,Mat,Elite,IMG_7359.JPG,IMG_7360.JPG,,,,,,,,,,,Modele haut du corps seulement
SaMi,8-1< 811< 8-1< 811<,0 0 1 1,1 -1 -1 1,SaMi_16,SaMi_8-1_811_3,Test_17032021-057,0:10:08,12:08:26,12:18:34,2021-08-19_12-18-34-d168bef4,1ddbab6f_0.0-39.097,Mat,Elite,IMG_7359.JPG,IMG_7360.JPG,,,,,,,,,,,Modele haut du corps seulement
SaMi,8-1< 811<,0 0,1 -1,SaMi_17,SaMi_8-1_811_4,Test_17032021-058,0:11:27,12:08:26,12:19:53,2021-08-19_12-19-53-4c8fa3a2,7264b3af_0.0-35.286,Mat,Elite,IMG_7359.JPG,IMG_7360.JPG,,,,,,,,,,,Modele haut du corps seulement
SaMi,8-1< 831<,0 0,1 -1,SaMi_18,SaMi_831_1,Test_17032021-059,0:13:53,12:08:26,12:22:19,2021-08-19_12-22-19-947dc20b,75ace480_0.0-28.071,Mat,Elite,IMG_7359.JPG,IMG_7360.JPG,,,,,,,,,,,Modele haut du corps seulement
SaMi,8-1< 831<,0 0,1 -1,SaMi_19,SaMi_831_2,Test_17032021-060,0:17:17,12:08:26,12:25:43,2021-08-19_12-25-43-afd3e1e3,27d80d6b_0.0-28.451,Mat,Elite,IMG_7359.JPG,IMG_7360.JPG,,,,,,,,,,,Modele haut du corps seulement
SaMi,8-1< 831< 8-1< 831<,0 0 1 1,1 -1 1 -1,SaMi_20,SaMi_831_3,Test_17032021-061,0:22:49,12:08:26,12:31:15,2021-08-19_12-31-15-0a693f1f,4e616d10_0.0-48.773,Mat,Elite,IMG_7359.JPG,IMG_7360.JPG,,,,,,,,,,,Modele haut du corps seulement
SaMi,8-1< 831<,0 0,1 -1,SaMi_21,SaMi_831_4,Test_17032021-062,0:26:52,12:08:26,12:35:18,2021-08-19_12-35-18-390e78f2,cbef0c1f_0.0-25.072,Mat,Elite,IMG_7359.JPG,IMG_7360.JPG,,,,,,,,,,,Modele haut du corps seulement
SaMi,4-o 41o 4-o 41o 4-o 41o 4-o 41o 4-o 41o,0 0 1 1 2 2 3 3 4 4,1 1 -1 -1 1 1 -1 -1 1 1,SaMi_22,SaMi_4-_41_3,Test_17032021-063,0:27:49,12:08:26,12:36:15,2021-08-19_12-36-15-a1695b44,3c82b267_0.0-37.557,Mat,Elite,IMG_7359.JPG,IMG_7360.JPG,,,,,,,,,,,Modele haut du corps seulement
SaMi,41/ 42/ 41/ 42/ 41/ 42/ 41/ 42/ 41/ 42/,0 0 1 1 2 2 3 3 4 4,1 -1 -1 1 1 -1 -1 1 1 -1,SaMi_23,SaMi_41_42_2,Test_17032021-064,0:29:56,12:08:26,12:38:22,2021-08-19_12-38-22-d347213d,25e53541_0.0-42.373,Mat,Elite,IMG_7359.JPG,IMG_7360.JPG,,,,,,,,,,,Modele haut du corps seulement
SaMi,8-1< 822/ 8-1< 822/,0 0 1 1,1 -1 1 -1,SaMi_24,SaMi_822_1,Test_17032021-065,0:33:10,12:08:26,12:41:36,2021-08-19_12-41-36-9e244c45,5a1ce616_0.0-41.64,Mat,Elite,IMG_7359.JPG,IMG_7360.JPG,,,,,,,,,,,Modele haut du corps seulement
SaMI,8-1< 822/ 8-1< 822/,0 0 1 1,1 -1 1 -1,SaMi_25,SaMi_822_2,Test_17032021-066,0:36:21,12:08:26,12:44:47,2021-08-19_12-44-47-959bdba5,f24a8f02_0.0-43.569,Mat,Elite,IMG_7359.JPG,IMG_7360.JPG,,,,,,,,,,,Modele haut du corps seulement
SaMi,8-1< 822/,0 0,1 -1,SaMi_26,SaMi_822_3,Test_17032021-067,0:38:16,12:08:26,12:46:42,2021-08-19_12-46-42-ff615c9f,406e14b2_0.0-24.728,Mat,Elite,IMG_7359.JPG,IMG_7360.JPG,,,,,,,,,,,Modele haut du corps seulement
SaBe,4-o 41o 4-o 41o 4-o 41o 4-o 41o 4-o 41o,0 0 1 1 2 2 3 3 4 4,-1 -1 1 1 -1 -1 1 1 -1 -1,SaBe_01,SaBe_4-_41_bas_!,Test_17032021-068,7:10:52,12:32:14,19:43:06,2021-10-04_19-43-06-2e54ce86,cf34be44_0.0-34.303,,Elite,IMG_7373.JPG,IMG_7375.JPG,3.5,0.5,,,,60 260,,,OK,D,
SaBe,8-1o 8--o 8-1o 8--o 8-1o 8--o 8-1o,0 0 1 1 2 2 3,-1 1 1 -1 -1 1 1,SaBe_02,SaBe_8-1_8--_1,Test_17032021-069,7:12:45,12:32:15,19:45:00,2021-10-04_19-45-00-74e7ef55,16130bd0_0.0-34.628,,Elite,IMG_7373.JPG,IMG_7375.JPG,3,0.5,2 3 4 5 6 7 8 9,0 1 2 3 4 5 6 7,,680 880,,,OK,D,
SaBe,8-1o 8--o 8-1o 8--o,0 0 1 1,-1 1 1 -1,SaBe_03,SaBe_8-1_8--_2,Test_17032021-070,7:15:54,12:32:16,19:48:10,2021-10-04_19-48-10-f4d93b4a,284fb0d8_0.0-29.076,,Elite,IMG_7373.JPG,IMG_7375.JPG,3,0.5,2 3 4 5 6,2 3 4 5 6,,50 250,,,OK,D,
SaBe,8-1o 8--o,0 0,-1 1,SaBe_04,SaBe_8-1_8--_3,Test_17032021-071,7:16:58,12:32:17,19:49:15,2021-10-04_19-49-15-1dc035ab,639412d3_0.0-24.71,,Elite,IMG_7373.JPG,IMG_7375.JPG,2.5,0.25,0 1 2 3 4,2 3 4 5 6,,0 90,,,OK,D,
SaBe,41/ 42/ 41/ 42/,0 0 1 1,-1 1 1 -1,SaBe_05,SaBe_41_42_1,Test_17032021-072,7:18:40,12:32:18,19:50:58,2021-10-04_19-50-58-1470e42d,238cc375_0.0-28.001,,Elite,IMG_7373.JPG,IMG_7375.JPG,3.5,0.25,,,,0 200,,,OK,D,
SaBe,41/ 42/ 41/ 42/ 41/ 42/ 41/ 42/ 41/ 42/,0 0 1 1 2 2 3 3 4 4,-1 1 1 -1 -1 1 1 -1 -1 1,SaBe_06,SaBe_41_42_2,Test_17032021-073,7:20:40,12:32:19,19:52:59,2021-10-04_19-52-59-16b3952f,65da7c50_0.0-38.926,,Elite,IMG_7373.JPG,IMG_7375.JPG,3.5,0.25,,,,300 500,,,OK,D,
SaBe,821<,0,1,SaBe_07,SaBe_821_1,Test_17032021-074,7:23:24,12:32:20,19:55:44,2021-10-04_19-55-44-a7546df8,c19c4f52_0.0-25.116,,Elite,IMG_7373.JPG,IMG_7375.JPG,3,0.25,1 2 3 4 5 6 7,1 2 3 4 5 6 7,,20 220,,,OK,D,
SaBe,821<,0,1,SaBe_08,SaBe_821_2,Test_17032021-075,7:24:34,12:32:21,19:56:55,2021-10-04_19-56-55-a0d6f1e7,1629afc2_0.0-26.555,,Elite,IMG_7373.JPG,IMG_7375.JPG,3,0.25,,,,0 70,,,OK,D,
SaBe,821<,0,1,SaBe_09,SaBe_821_3,Test_17032021-076,7:34:18,12:32:22,20:06:40,2021-10-04_20-06-40-3693b040,3d953e2f_0.0-24.348,,Elite,IMG_7373.JPG,IMG_7375.JPG,3.6,0.25,0 1 2 3 4 5 6 7 8,0 1 2 3 4 5 6 7 8,,0 70,,,OK,D,
SaBe,821<,0,1,SaBe_10,SaBe_821_4,Test_17032021-077,7:34:58,12:32:23,20:07:21,2021-10-04_20-07-21-ce1ad182,f76cb338_0.0-22.276,,Elite,IMG_7373.JPG,IMG_7375.JPG,3.5,0.25,,,,100 230,,,OK,D,
SaBe,821<,0,1,SaBe_11,SaBe_821_5,Test_17032021-078,7:36:25,12:32:24,20:08:49,2021-10-04_20-08-49-b6a1d578,35c725a1_0.0-25.363,,Elite,IMG_7373.JPG,IMG_7375.JPG,3.5,0.25,,,,240 440,,,OK,D,
SaBe,4-/,0,1,SaBe_12,SaBe_4-_43_1,Test_17032021-079,7:39:04,12:32:25,20:11:29,2021-10-04_20-11-29-b150063f,5f99b7f0_0.0-18.172,,Elite,IMG_7373.JPG,IMG_7375.JPG,3.5,0.25,2 3 4 5,0 1 2 3,,210 410,,,OK,D,
SaBe,4-/ 43/,0 0,1 1,SaBe_13,SaBe_4-_43_2,Test_17032021-080,7:40:03,12:32:26,20:12:29,2021-10-04_20-12-29-a2f129cd,b11d22a2_0.0-19.03,,Elite,IMG_7373.JPG,IMG_7375.JPG,3.5,0.25,,,,200 400,,,OK,D,
SaBe,4-/ 43/,0 0,1 1,SaBe_14,SaBe_4-_43_3,Test_17032021-081,7:40:51,12:32:27,20:13:18,2021-10-04_20-13-18-9051bd07,941ee28d_0.0-15.476,,Elite,IMG_7373.JPG,IMG_7375.JPG,3.5,0.25,,,,100 300,,,OK,D,
SaBe,4-/ 43/,0 0,1 1,SaBe_15,SaBe_4-_43_4,Test_17032021-082,7:41:20,12:32:28,20:13:48,2021-10-04_20-13-48-51a5976d,45d37ca2_0.0-16.318,,Elite,IMG_7373.JPG,IMG_7375.JPG,3.5,0.25,,,,0 200,,,OK,D,
SaBe,4-/ 43/ 4-/,0 0 1,1 1 -1,SaBe_16,SaBe_4-_43_5,Test_17032021-083,7:41:51,12:32:29,20:14:20,2021-10-04_20-14-20-898b6601,515da644_0.0-21.616,,Elite,IMG_7373.JPG,IMG_7375.JPG,3.5,0.25,5 6 7 8,0 1 2 3,,280 480,,,OK,D,
SaBe,4-/ 43/ 4-/ 43/ 4-/ 43/ 4-/ 43/ 4-/ 43/,0 0 1 1 2 2 3 3 4 4,1 1 -1 -1 1 1 -1 -1 1 1,SaBe_17,SaBe_4-_43_6,Test_17032021-084,7:42:58,12:32:30,20:15:28,2021-10-04_20-15-28-ddf3a14f,c1a06889_0.0-40.202,,Elite,IMG_7373.JPG,IMG_7375.JPG,5,0.25,0 1 2 3 4,0 1 2 3 4,,150 350,,,OK,D,
SaBe,4-o 41o 4-o 41o 4-o 41o 4-o 41o 4-o 41o,0 0 1 1 2 2 3 3 4 4,1 1 -1 -1 1 1 -1 -1 1 1,SaBe_18,SaBe_4-_41_haut_1,Test_17032021-085,7:47:18,12:32:31,20:19:49,2021-10-04_20-19-49-699ddf1b,8ed0857b_0.0-41.976,,Elite,IMG_7373.JPG,IMG_7375.JPG,3.5,0.5,4 5 6 7 8 9,1 2 3 4 5 6,,945 1145,,,OK,D,
SaBe,41/ 42/ 41/ 42/ 41/ 42/ 41/ 42/,0 0 1 1 2 2 3 3,1 -1 -1 1 1 -1 -1 1,SaBe_19,SaBe_41_42_2,Test_17032021-086,7:50:46,12:32:32,20:23:18,2021-10-04_20-23-18-9e6f9caf,5c030f5d_0.0-35.3,,Elite,IMG_7373.JPG,IMG_7375.JPG,3.5,0.25,,,,100 300,,,OK,D,
SaBe,41/ 42/,0 0,1 -1,SaBe_20,SaBe_41_42_3,Test_17032021-087,7:52:29,12:32:33,20:25:02,2021-10-04_20-25-02-45716533,d0c2596f_0.0-19.712,,Elite,IMG_7373.JPG,IMG_7375.JPG,3.5,0.25,,,,650 850,,,OK,D,
SaBe,8-1< 811<,0 0,1 -1,SaBe_21,SaBe_8-1_811_1,Test_17032021-088,7:54:26,12:32:34,20:27:00,2021-10-04_20-27-00-a99ba820,be38ccac_0.0-23.93,,Elite,IMG_7373.JPG,IMG_7375.JPG,3.5,0.25,0 1 2 3 4 5 6,1 2 3 4 5 6 7,,20 220,,,OK,D,
SaBe,8-1< 811<,0 0,1 -1,SaBe_22,SaBe_8-1_811_2,Test_17032021-089,7:55:22,12:32:35,20:27:57,2021-10-04_20-27-57-65cf5aec,f9e565b6_0.0-25.063,Yes,Elite,IMG_7373.JPG,IMG_7375.JPG,,,,,,,,,,,pas de mvt
SaBe,8-1o 822/,0 0,1 -1,SaBe_23,SaBe_8-1_822_1,Test_17032021-090,7:57:04,12:32:36,20:29:40,2021-10-04_20-29-40-d29fa779,d265eda3_0.0-31.255,,Elite,IMG_7373.JPG,IMG_7375.JPG,3.5,0.25,2 3 4 5 6 7 8 9 10,1 2 3 4 5 6 7 8 9,,360 560,,,OK,D,
SaBe,8-1o 822/,0 0,1 -1,SaBe_24,SaBe_8-1_822_2,Test_17032021-091,7:58:14,12:32:37,20:30:51,2021-10-04_20-30-51-6055c555,e1f434ac_0.0-27.205,,Elite,IMG_7373.JPG,IMG_7375.JPG,3.5,0.25,2 3 4 5 6 7 8,1 2 3 4 5 6 7,,30 230,,,OK,D,
SaBe,8-1o 811<,0 0,1 -1,SaBe_25,SaBe_8-1_811_3,test01-001,6:34:19,12:32:49,19:07:08,2021-10-07_19-07-08-cb4257ac,47f69f78_0.0-25.938,,Elite,IMG_7373.JPG,IMG_7375.JPG,3.5,0.25,,,,840 1040,,,,D,Left eyes missing
SaBe,8-1o 811<,0 0,1 -1,SaBe_26,SaBe_8-1_811_4,test01-002,6:36:58,12:32:49,19:09:47,2021-10-07_19-09-47-e71b99d9,61956ba4_0.0-29.616,,Elite,IMG_7373.JPG,IMG_7375.JPG,3.5,0.25,,,,60 260,,,,D,Left eyes missing
SaBe,8-1o 811<,0 0,1 -1,SaBe_27,SaBe_8-1_811_5,test01-003,6:38:20,12:32:49,19:11:09,2021-10-07_19-11-09-cd2685a3,c633e9f3_0.0-22.664,,Elite,IMG_7373.JPG,IMG_7375.JPG,3.5,0.25,,,,180 220,,,,D,Left eyes missing
SaBe,8-1o 822/,0 0,1 -1,SaBe_28,SaBe_8-1_822_3,test01-004,6:39:32,12:32:49,19:12:21,2021-10-07_19-12-21-1f177579,a2d82e7c_0.0-26.737,,Elite,IMG_7373.JPG,IMG_7375.JPG,3.5,0.25,,,,1130 1200,,,,D,Left eyes missing
SaBe,8-1o 822/,0 0,1 -1,SaBe_29,SaBe_8-1_822_4,test01-005,6:40:32,12:32:49,19:13:21,2021-10-07_19-13-21-c02f23e9,06bc7352_0.0-22.322,,Elite,IMG_7373.JPG,IMG_7375.JPG,3.5,0.25,,,,580 780,,,,D,Left eyes missing
SaBe,8-1o 822/,0 0,1 -1,SaBe_30,SaBe_8-1_822_5,test01-006,6:41:22,12:32:49,19:14:11,2021-10-07_19-14-11-eb88401a,4e84dfcf_0.0-22.762,,Elite,IMG_7373.JPG,IMG_7375.JPG,3.5,0.25,,,,580 780,,,,D,Left eyes missing
SaBe,8-1<,0,-1,SaBe_31,SaBe_8-3_1,test01-007,6:42:41,12:32:49,19:15:30,2021-10-07_19-15-30-45895586,46ff933b_0.0-22.432,,Elite,IMG_7373.JPG,IMG_7375.JPG,3.5,0.25,,,,730 930,,,,D,Left eyes missing
SaBe,8-3<,0,-1,SaBe_32,SaBe_8-3_2,test01-008,6:43:23,12:32:49,19:16:12,2021-10-07_19-16-12-8dd5c0f5,76b3d5e9_0.0-25.555,,Elite,IMG_7373.JPG,IMG_7375.JPG,3.5,0.25,,,,430 630,,,,D,Left eyes missing
SaBe,8-3<,0,-1,SaBe_33,SaBe_8-3_4,test01-010,6:47:04,12:32:49,19:19:53,2021-10-07_19-19-53-b9c56154,99b7c158_0.0-24.388,,Elite,IMG_7373.JPG,IMG_7375.JPG,3.5,0.25,,,,,,,,,pas de fichier
SaBe,8-3<,0,-1,SaBe_34,SaBe_8-3_5,test01-011,6:47:57,12:32:49,19:20:46,2021-10-07_19-20-46-3247e2e5,1e7263df_0.0-24.773,,Elite,IMG_7373.JPG,IMG_7375.JPG,3.5,0.25,,,,750 950,,,,D,Left eyes missing
AnBe,41/ 42/ 41/ 42/ 41/ 42/ 41/ 42/ 41/ 42/,0 0 1 1 2 2 3 3 4 4,-1 1 1 -1 -1 1 1 -1 -1 1,AnBe_01,AnBe_41_42_1,test01-001,1:07:40,12:06:28,13:14:08,2021-10-23_13-14-08-6171fb70,e6e4181c_0.0-44.507,,SubElite,IMG_7390.JPG,IMG_7388.JPG,4,0.6,,,,180 380,,,OK,G,Tete croche
AnBe,4-o 41o 4-o 41o 4-o 41o 4-o 41o 4-o 41o,0 0 1 1 2 2 3 3 4 4,-1 -1 1 1 -1 -1 1 1 -1 -1,AnBe_02,AnBe_4_41_haut_1,test01-002,1:10:48,12:06:28,13:17:16,2021-10-23_13-17-16-a16d54bd,7b64e54a_0.0-44.649,,SubElite,IMG_7390.JPG,IMG_7388.JPG,,,,,,140 340,,,,G,Tete croche / orientation.mat missing
AnBe,8-1o,0,-1,AnBe_03,AnBe_8-1_1,test01-003,1:13:25,12:06:28,13:19:53,2021-10-23_13-19-53-7570c3b2,0b4d6bcc_0.0-32.258,,SubElite,IMG_7390.JPG,IMG_7388.JPG,,,,,,1280 1380,,,,G,Tete croche / orientation.mat missing
AnBe,8-1o,0,-1,AnBe_04,AnBe_8-1_2,test01-004,1:14:50,12:06:28,13:21:18,2021-10-23_13-21-18-bb30b86a,42ef9657_0.0-30.732,,SubElite,IMG_7390.JPG,IMG_7388.JPG,,,,,,160 360,,,,G,Tete croche / orientation.mat missing
AnBe,8-1o,0,-1,AnBe_05,AnBe_8-1_3,test01-005,1:15:49,12:06:28,13:22:17,2021-10-23_13-22-17-487ff635,b0061ce7_0.0-33.83,,SubElite,IMG_7390.JPG,IMG_7388.JPG,,,,,,40 240,,,,G,Tete croche / orientation.mat missing
AnBe,8-1o,0,-1,AnBe_06,AnBe_8-1_4,test01-006,1:16:44,12:06:28,13:23:12,2021-10-23_13-23-12-6627a9ca,b772b231_0.0-43.183,,SubElite,IMG_7390.JPG,IMG_7388.JPG,,,,,,560 760,,,,G,Tete croche / orientation.mat missing
AnBe,4-o 41o 4-o 41o 4-o 41o 4-o 41o 4-o 41o 4-o 41o 4-o 41o,0 0 1 1 2 2 3 3 4 4 5 5 6 6,-1 -1 1 1 -1 -1 1 1 -1 -1 1 1 -1 -1,AnBe_07,AnBe_4_4_1_bas_1,test01-007,1:18:37,12:06:28,13:25:05,2021-10-23_13-25-05-2c06cf0d,80d52496_0.0-36.108,,SubElite,IMG_7390.JPG,IMG_7388.JPG,,,,,,0 170,,,,G,Tete croche / orientation.mat missing
AnBe,4-/ 43/ 4-/,0 0 1,-1 -1 1,AnBe_08,AnBe_4-_43_1,test01-008,1:19:57,12:06:28,13:26:25,2021-10-23_13-26-25-fb5dd2dc,360e803a_0.0-27.325,,SubElite,IMG_7390.JPG,IMG_7388.JPG,4,0.25,7 8 9 10 11 12 13 14 15,1 2 3 4 5 6 7 8 9,,450 650,,,OK,G,Tete croche
AnBe,4-/ 43/ 4-/,0 0 1,-1 -1 1,AnBe_09,AnBe_4-_43_2,test01-009,1:21:21,12:06:28,13:27:49,2021-10-23_13-27-49-e8801bcb,f459186e_0.0-27.145,,SubElite,IMG_7390.JPG,IMG_7388.JPG,3.5,0.25,,,,250 450,,,OK,G,Tete croche
AnBe,4-/ 43/ 4-/,0 0 1,-1 -1 1,AnBe_10,AnBe_4-_43_3,test01-010,1:22:06,12:06:28,13:28:34,2021-10-23_13-28-34-62159f78,a4a397c1_0.0-28.717,,SubElite,IMG_7390.JPG,IMG_7388.JPG,5,0.25,,,,200 400,,,OK,G,Tete croche
AnBe,4-/ 43/ 4-/ 43/ 4-/,0 0 1 1 2,-1 -1 1 1 -1,AnBe_11,AnBe_4-_43_4,test01-011,1:23:33,12:06:28,13:30:01,2021-10-23_13-30-01-82c47080,cbd1e546_0.0-37.374,,SubElite,IMG_7390.JPG,IMG_7388.JPG,4,0.5,5 6 7 8,6 7 8 9,,250 450,,,OK,G,Tete croche
AnBe,4-/ 43/ 4-/ 43/ 4-/ 43/,0 0 1 1 2 2,-1 -1 1 1 -1 -1,AnBe_12,AnBe_4-_43_5,test01-012,1:24:22,12:06:28,13:30:50,2021-10-23_13-30-50-c4b788d7,d7b37ec2_0.0-37.269,Yes,SubElite,IMG_7390.JPG,IMG_7388.JPG,3.5,0.5,2 3 4 5 8 9,4 5 6 7 9 10,,150 350,,,OK,G,Tete croche
AnBe,4-o 41o 4-o 41o 4-o 41o 4-o 41o 4-o 41o,0 0 1 1 2 2 3 3 4 4,-1 -1 1 1 -1 -1 1 1 -1 -1,AnBe_13,AnBe_4-0_41o_1,test01-013,1:26:11,12:06:28,13:32:39,2021-10-23_13-32-39-f362d467,e8ae28b5_0.0-25.798,Mat,SubElite,IMG_7390.JPG,IMG_7388.JPG,,,,,,220 420,,,,G,Tete croche / orientation.mat missing
AnBe,4-o 41o 4-o 41o 4-o 41o 4-o 41o 4-o 41o,0 0 1 1 2 2 3 3 4 4,-1 -1 1 1 -1 -1 1 1 -1 -1,AnBe_14,AnBe_4-0_41o_2,test01-014,1:27:54,12:06:28,13:34:22,2021-10-23_13-34-22-b864e22d,a9ef3b28_0.0-42.974,,SubElite,IMG_7390.JPG,IMG_7388.JPG,,,,,,470 670,,,,G,Tete croche / orientation.mat missing
AnBe,41/ 42/ 41/ 42/ 41/ 42/ 41/ 42/ 41/ 42/,0 0 1 1 2 2 3 3 4 4,-1 1 1 -1 -1 1 1 -1 -1 1,AnBe_15,AnBe_41_42_2,test01-015,1:29:48,12:06:28,13:36:16,2021-10-23_13-36-16-845f91a3,55d81c96_0.0-49.552,,SubElite,IMG_7390.JPG,IMG_7388.JPG,3.5,0.25,3 4 5 6 7 8 9 12 13 14 15,2 3 4 5 6 7 8 10 11 12 13,,270 470,,,OK,G,Tete croche
AnBe,43/ 43/ 43/,0 1 2,-1 1 -1,AnBe_16,AnBe_43_5,test01-016,1:31:25,12:06:28,13:37:53,2021-10-23_13-37-53-2acf2591,b0cf3ff3_0.0-32.454,,SubElite,IMG_7390.JPG,IMG_7388.JPG,4.8,0.25,0 1 2 3 4 5 6 7 8 9,0 1 2 3 4 5 6 7 8 9,,300 500,,,OK,G,Tete croche
AnBe,41o 44/,0 0,-1 1,AnBe_17,AnBe_44_1,test01-017,1:32:41,12:06:28,13:39:09,2021-10-23_13-39-09-799502fe,786da1da_0.0-40.823,,SubElite,IMG_7390.JPG,IMG_7388.JPG,,,,,,100 300,,,,G,Tete croche / orientation.mat missing
AnBe,41o 44/,0 0,-1 1,AnBe_18,AnBe_44_3,test01-019,1:34:16,12:06:28,13:40:44,2021-10-23_13-40-44-171e5693,bb76bb3c_0.0-27.9,,SubElite,IMG_7390.JPG,IMG_7388.JPG,,,,,,180 380,,,,G,Tete croche / orientation.mat missing
AnBe,41o 44/,0 0,-1 1,AnBe_19,AnBe_44_4,test01-020,1:34:51,12:06:28,13:41:19,2021-10-23_13-41-19-729ddfa7,fadd3128_0.0-37.113,,SubElite,IMG_7390.JPG,IMG_7388.JPG,,,,,,20 220,,,,G,Tete croche / orientation.mat missing
AnBe,41o 44/,0 0,-1 1,AnBe_20,AnBe_44_5,test01-021,1:35:35,12:06:28,13:42:03,2021-10-23_13-42-03-b21e4a70,741c3ea3_0.0-25.795,,SubElite,IMG_7390.JPG,IMG_7388.JPG,,,,,,150 350,,,,G,Tete croche / orientation.mat missing
ArMa,4-o 41o 4-o 41o 4-o 41o 4-o 41o 4-o 41o 4-o 41o,0 0 1 1 2 2 3 3 4 4 5 5,1 1 -1 -1 1 1 -1 -1 1 1 -1 -1,ArMa_01,ArMa_4-0_41o_1,test01-001,3:09:53,12:06:23,15:16:16,2021-10-23_15-16-16-1ec91380,c863bd34_0.0-54.905,,SubElite,IMG_7396.JPG,IMG_7394.JPG,,,2 3 4,1 2 3,,80 200,,,OK,D,
ArMa,4-o 41o 4-o 41o 4-o 41o 4-o 41o 4-o 41o 4-o 41o,0 0 1 1 2 2 3 3 4 4 5 5,1 1 -1 -1 1 1 -1 -1 1 1 -1 -1,ArMa_02,ArMa_4-0_41o_haut_1,test01-002,3:11:29,12:06:23,15:17:52,2021-10-23_15-17-52-1d492831,c2e49a6c_0.0-63.478,,SubElite,IMG_7396.JPG,IMG_7394.JPG,2.5,0.25,5 6,0 1,,500 600,,,OK,D,
ArMa,4-/ 43/ 4-/ 43/ 4-/ 43/ 4-/ 43/ 4-/ 43/,0 0 1 1 2 2 3 3 4 4,1 1 -1 -1 1 1 -1 -1 1 1,ArMa_03,ArMa_4-_43_1,test01-003,3:12:47,12:06:23,15:19:10,2021-10-23_15-19-10-9bf3da1d,e4ec6b84_0.0-50.749,,SubElite,IMG_7396.JPG,IMG_7394.JPG,3.5,0.25,13 14 15 16 17 18,8 9 10 11 12 13,,330 530,,,OK,D,
ArMa,41o 41o 4-o 41o 4-o 41o 4-o 41o 41o 4-o 41o 41o 4-o,0 1 0 2 1 3 2 4 5 3 6 7 4,1 1 -1 1 -1 -1 1 1 1 -1 1 1 -1,ArMa_04,ArMa_4-o_41o_1,test01-004,3:14:16,12:06:23,15:20:39,2021-10-23_15-20-39-0b6850f1,837cc7bd_0.0-90.813,,SubElite,IMG_7396.JPG,IMG_7394.JPG,4,0.5,5 6 7 8 9,3 4 5 6 7,,100 300,,,OK,D,
ArMa,41/ 42/ 41/ 42/ 41/ 42/ 41/ 42/ 41/ 41/ 42/,0 0 1 1 2 2 3 3 4 5 4,1 -1 -1 1 1 -1 -1 1 1 1 -1,ArMa_05,ArMa_41_42_1,test01-005,3:16:49,12:06:23,15:23:12,2021-10-23_15-23-12-17d63a45,c75df84a_0.0-58.892,,SubElite,IMG_7396.JPG,IMG_7394.JPG,4.5,0.25,0 1 2 3 4 5 6 7 8 9,0 1 2 3 4 5 6 7 8 9,,0 100,,,OK,D,
ArMa,4-/ 43/ 4-/ 43/ 4-/ 43/ 4-/ 43/ 4-/ 43/,0 0 1 1 2 2 3 3 4 4,1 1 -1 -1 1 1 1 1 -1 -1,ArMa_06,ArMa_4-_43_1,test01-006,3:18:57,12:06:23,15:25:20,2021-10-23_15-25-20-aa60e784,d9ae06cc_0.0-55.583,,SubElite,IMG_7396.JPG,IMG_7394.JPG,4.5,0.25,1 3 4 5 6 7 8,0 2 3 4 5 6 7,,250 450,,,OK,D,
ArMa,41o 4-o 41o 4-o 41o 4-o 41o 4-o 41o 4-o 41o 4-o,0 0 1 1 2 2 3 3 4 4 5 5,1 -1 1 -1 1 -1 1 -1 1 -1 1 -1,ArMa_07,ArMa_4-o_41o_1,test01-007,3:24:43,12:06:23,15:31:06,2021-10-23_15-31-06-6fdedcbb,7cd07f57_0.0-82.306,,SubElite,IMG_7396.JPG,IMG_7394.JPG,4,0.25,2 3,0 1,,150 230,,,OK,D,
ArMa,41/ 42/ 41/ 42/ 41/ 42/ 41/ 42/ 41/ 42/ 41/,0 0 1 1 2 2 3 3 4 4 5,1 -1 -1 1 1 -1 1 -1 -1 1 1,ArMa_08,ArMa_41_42_1,test01-008,3:26:44,12:06:23,15:33:07,2021-10-23_15-33-07-2506f4bd,62ceba75_0.0-64.966,,SubElite,IMG_7396.JPG,IMG_7394.JPG,5,0.25,18 19 20 21 22 23 24 25 26 27 28,2 3 4 5 6 7 8 9 10 11 12,,820 1020,,,OK,D,un autre 42 est present a la fin mais pas labelle avec orientation -1
AlLe,4-o 41o 4-o 41o 4-o 41o 4-o 41o 4-o 41o,0 0 1 1 2 2 3 3 4 4,1 1 -1 -1 1 1 -1 -1 1 1,AlLe_01,AlLe_4-o_41o_bas_1,test01-001,11:06:00,0:00:53,11:06:53,2021-10-24_11-06-53-85a92f1b,380596d9_0.0-35.818,Mat,SubElite,IMG_7402.JPG,IMG_7403.JPG,,,,,,,,,,,
AlLe,4-/ 43/,0 0,1 1,AlLe_02,AlLe_4-_43_1,test01-002,11:07:56,0:00:53,11:08:49,2021-10-24_11-08-49-904e86c3,9407a4e1_0.0-21.199,Mat,SubElite,IMG_7402.JPG,IMG_7403.JPG,3.5,0.25,1 2 3 4 5,1 2 3 4 5,,275 475,,,OK,G,
AlLe,4-/ 43/,0 0,1 1,AlLe_03,AlLe_4-_43_2,test01-003,11:08:24,0:00:53,11:09:17,2021-10-24_11-09-17-ae67b18c,962585c2.0.0-36.26,Mat,SubElite,IMG_7402.JPG,IMG_7403.JPG,3.5,0.25,,,,320 520,,,OK,G,
AlLe,4-/ 43/,0 0,1 1,AlLe_04,AlLe_4-_43_3,test01-004,11:09:09,0:00:53,11:10:02,2021-10-24_11-10-02-8c7000ba,108385a5_0.0-26.077,Mat,SubElite,IMG_7402.JPG,IMG_7403.JPG,4,0.25,6 7 8 9,2 3 4 5,,650 850,,,OK,G,
AlLe,4-/ 43/,0 0,1 1,AlLe_05,AlLe_4-_43_4,test01-005,11:09:45,0:00:53,11:10:38,2021-10-24_11-10-38-17ae27c4,12619384_0.0-18.205,Mat,SubElite,IMG_7402.JPG,IMG_7403.JPG,3.4,0.25,,,,150 350,,,OK,G,
AlLe,4-/ 43/,0 0,1 1,AlLe_06,AlLe_4-_43_5,test01-006,11:10:13,0:00:53,11:11:06,2021-10-24_11-11-06-63606f8c,734363d2_0.0-19.148,Mat,SubElite,IMG_7402.JPG,IMG_7403.JPG,3.4,0.25,,,,130 330,,,OK,G,
AlLe,4-o 41o 4-o 41o 4-o 41o 4-o 41o 4-o 41o,0 0 1 1 2 2 3 3 4 4,1 1 -1 -1 1 1 -1 -1 1 1,AlLe_07,AlLe_4-o_41o_bas_1,test01-007,11:10:56,0:00:53,11:11:49,2021-10-24_11-11-49-2ac6a931,62dbed75_0.0-29.963,Mat,SubElite,IMG_7402.JPG,IMG_7403.JPG,,,,,,,,,,,
AlLe,41/ 42/,0 0,1 -1,AlLe_08,AlLe_41_42_1,test01-008,11:12:07,0:00:53,11:13:00,2021-10-24_11-13-00-861c7e00,d3c6f194_0.0-16.323,Mat,SubElite,IMG_7402.JPG,IMG_7403.JPG,3.4,0.25,,,,230 430,,,OK,G,
AlLe,41/ 42/,0 0,1 -1,AlLe_09,AlLe_41_42_2,test01-009,11:12:44,0:00:53,11:13:37,2021-10-24_11-13-37-4765976a,ae3be88d_0.0-18.179,Mat,SubElite,IMG_7402.JPG,IMG_7403.JPG,3.4,0.25,,,,200 400,,,OK,G,
AlLe,41/ 42/,0 0,1 -1,AlLe_10,AlLe_41_42_3,test01-010,11:13:13,0:00:53,11:14:06,2021-10-24_11-14-06-b4b3961b,e5cfda96_0.0-18.71,Mat,SubElite,IMG_7402.JPG,IMG_7403.JPG,3.4,0.25,,,,160 360,,,OK,G,
AlLe,41/ 42/,0 0,1 -1,AlLe_11,AlLe_41_42_4,test01-011,11:13:41,0:00:53,11:14:34,2021-10-24_11-14-34-3c056f81,4e5eacec_0.0-18.86,Mat,SubElite,IMG_7402.JPG,IMG_7403.JPG,3.4,0.25,,,,150 350,,,OK,G,
AlLe,41/ 42/,0 0,1 -1,AlLe_12,AlLe_41_42_5,test01-012,11:14:09,0:00:53,11:15:02,2021-10-24_11-15-02-f4740f05,3747d6d9_0.0-20.407,Mat,SubElite,IMG_7402.JPG,IMG_7403.JPG,3.4,0.25,,,,100 300,,,OK,G,
AlLe,4-/ 43/,0 0,1 1,AlLe_13,AlLe_41_42_6,test01-013,11:16:55,0:00:53,11:17:48,2021-10-24_11-17-48-fd8ee632,f278a18e_0.0-18.836,Mat,SubElite,IMG_7402.JPG,IMG_7403.JPG,3.4,0.25,,,,250 450,,,OK,G,
AlLe,4-/ 43/,0 0,1 1,AlLe_14,AlLe_41_42_7,test01-014,11:17:55,0:00:53,11:18:48,2021-10-24_11-18-48-d8b3b227,aaedb4cf_0.0-19.066,Mat,SubElite,IMG_7402.JPG,IMG_7403.JPG,3.4,0.25,,,,280 480,,,OK,G,
AlLe,4-/ 43/,0 0,1 1,AlLe_15,AlLe_41_42_8,test01-015,11:18:30,0:00:53,11:19:23,2021-10-24_11-19-23-c0bd9df8,89246cd4_0.0-17.929,Mat,SubElite,IMG_7402.JPG,IMG_7403.JPG,3.4,0.25,,,,80 280,,,OK,G,
AlLe,4-/ 43/,0 0,1 1,AlLe_16,AlLe_41_42_9,test01-016,11:18:58,0:00:53,11:19:51,2021-10-24_11-19-51-7c27d95a,a4b46822_0.0-19.706,Mat,SubElite,IMG_7402.JPG,IMG_7403.JPG,3.4,0.25,,,,120 320,,,OK,G,
AlLe,4-/ 43/,0 0,1 1,AlLe_17,AlLe_41_42_10,test01-017,11:19:29,0:00:53,11:20:22,2021-10-24_11-20-22-1174c525,2aa3ec19_0.0-19.662,Mat,SubElite,IMG_7402.JPG,IMG_7403.JPG,3.4,0.25,,,,80 280,,,OK,G,
AlLe,41/ 42/,0 0,1 -1,AlLe_18,AlLe_41_42_6,test01-018,11:19:59,0:00:53,11:20:52,2021-10-24_11-20-52-5e547669,77ace024_0.0-21.957,Mat,SubElite,IMG_7402.JPG,IMG_7403.JPG,3.4,0.25,,,,0 200,,,OK,G,
AlLe,41/ 42/,0 0,1 -1,AlLe_19,AlLe_41_42_7,test01-019,11:20:35,0:00:53,11:21:28,2021-10-24_11-21-28-2a1ec8dd,6354f85b_0.0-18.571,Mat,SubElite,IMG_7402.JPG,IMG_7403.JPG,3.4,0.25,,,,80 280,,,OK,G,
AlLe,41/ 42/,0 0,1 -1,AlLe_20,AlLe_41_42_8,test01-020,11:21:01,0:00:53,11:21:54,2021-10-24_11-21-54-58af96c0,af6fa62d_0.0-21.132,Mat,SubElite,IMG_7402.JPG,IMG_7403.JPG,3.4,0.25,,,,80 280,,,OK,G,
AlLe,41/ 42/,0 0,1 -1,AlLe_21,AlLe_41_42_9,test01-021,11:21:31,0:00:53,11:22:24,2021-10-24_11-22-24-428b86e1,4538356d_0.0-18.408,Mat,SubElite,IMG_7402.JPG,IMG_7403.JPG,3.4,0.25,,,,150 350,,,OK,G,
AlLe,41/ 42/,0 0,1 -1,AlLe_22,AlLe_41_42_10,test01-022,11:21:59,0:00:53,11:22:52,2021-10-24_11-22-52-a1261b1e,054fd514_0.0-19.572,Mat,SubElite,IMG_7402.JPG,IMG_7403.JPG,3.4,0.25,,,,150 350,,,OK,G,
AlLe,4-o 41o 4-o 41o 4-o 41o 4-o 41o 4-o 41o,0 0 1 1 2 2 3 3 4 4,1 1 -1 -1 1 1 -1 -1 1 1,AlLe_23,AlLe_4-o_41o_haut_1,test01-023,11:28:36,0:00:53,11:29:29,2021-10-24_11-29-29-7b27482a,5dde7be5_0.0-34.685,,SubElite,IMG_7402.JPG,IMG_7403.JPG,3,0.25,4 5 6 7 8,0 1 2 3 4,,300 370,,,OK,G,
AlLe,4-o 41o 4-o 41o 4-o 41o 4-o 41o 4-o 41o,0 0 1 1 2 2 3 3 4 4,1 1 -1 -1 1 1 -1 -1 1 1,AlLe_24,AlLe_4-o_41o_haut_2,test01-024,11:29:39,0:00:53,11:30:32,2021-10-24_11-30-32-5c3d0dbe,de5df385_0.0-35.783,Yes,SubElite,IMG_7402.JPG,IMG_7403.JPG,,,2 3 4 5 6 7,1 2 3 4 5 6,,130 330,,,OK,G,
ReAu,8-1o 8--o 8-1o 8--o 8-1o 8--o 8-1o 8--o 8-1o 8--o,0 0 1 1 2 2 3 3 4 4,1 -1 -1 1 1 -1 -1 1 1 -1,,,,,,,2021-10-30_15-05-52-0d1db8f3,e1743706_0.0-37.979,Mat,Elite,IMG_7408.JPG,IMG_7409.JPG,,,,,,,,,,,None
ReAu,41/ 42/ 41/ 42/ 41/ 42/ 41/ 42/ 41/ 42/,0 0 1 1 2 2 3 3 4 4,1 -1 -1 1 1 -1 -1 1 1 -1,,,,,,,2021-10-30_15-12-26-a16d4203,559e8104_0.0-36.553,Mat,Elite,IMG_7408.JPG,IMG_7409.JPG,,,,,,,,,,,None
ReAu,41/ 42/ 41/ 42/ 41/ 42/ 41/ 42/ 41/ 42/,0 0 1 1 2 2 3 3 4 4,1 -1 -1 1 1 -1 -1 1 1 -1,,,,,,,2021-10-30_15-13-27-e21ded9a,bf3719f7_0.0-37.274,Mat,Elite,IMG_7408.JPG,IMG_7409.JPG,,,,,,,,,,,None
ReAu,4-/ 8-1o 822/,0 0 0,1 1 -1,,,,,,,2021-10-30_15-15-06-121e80a6,70f8fb40_0.0-31.824,Mat,Elite,IMG_7408.JPG,IMG_7409.JPG,,,,,,,,,,,None
ReAu,4-/ 8-1o 822/,0 0 0,1 1 -1,,,,,,,2021-10-30_15-15-55-afad05fc,b3c74049_0.0-27.957,Mat,Elite,IMG_7408.JPG,IMG_7409.JPG,,,,,,,,,,,None
ReAu,4-/ 8-1o,0 0,1 1,,,,,,,2021-10-30_15-16-52-bab8799a,e84ab96b_0.0-26.511,Mat,Elite,IMG_7408.JPG,IMG_7409.JPG,,,,,,,,,,,None
ReAu,4-/ 8-1o 822/,0 0 0,1 1 -1,,,,,,,2021-10-30_15-18-04-9c146a11,590cbcd1_0.0-27.434,Mat,Elite,IMG_7408.JPG,IMG_7409.JPG,,,,,,,,,,,None
ReAu,4-/ 8-1o 822/,0 0 0,1 1 -1,,,,,,,2021-10-30_15-19-02-ac8fb173,6578cac4_0.0-34.684,Mat,Elite,IMG_7408.JPG,IMG_7409.JPG,,,,,,,,,,,None
ReAu,4-/ 8-1o 822/,0 0 0,1 1 -1,,,,,,,2021-10-30_15-19-54-946de9e3,d422115e_0.0-27.485,Mat,Elite,IMG_7408.JPG,IMG_7409.JPG,,,,,,,,,,,None
ReAu,4-/ 43/ 4-/ 43/ 4-/ 43/ 4-/ 43/ 4-/ 43/,0 0 1 1 2 2 3 3 4 4,1 1 -1 -1 1 1 -1 -1 1 1,,,,,,,2021-10-30_15-24-59-5f69ea5e,03fbecfa_0.0-35.301,Mat,Elite,IMG_7408.JPG,IMG_7409.JPG,,,,,,,,,,,None
ReAu,4-o 41o 4-o 41o 4-o 41o 4-o 41o 4-o 41o 4-o,0 0 1 1 2 2 3 3 4 4 5,1 1 -1 -1 1 1 -1 -1 1 1 -1,,,,,,,2021-10-30_15-26-04-9e36bf17,7ea79dee_0.0-27.933,Mat,Elite,IMG_7408.JPG,IMG_7409.JPG,,,,,,,,,,,None
ReAu,8-1< 811< 8-1<,0 0 1,1 -1 -1,,,,,,,2021-10-30_15-29-13-6dd8a63c,af10758d_0.0-33.151,Mat,Elite,IMG_7408.JPG,IMG_7409.JPG,,,,,,,,,,,None
ReAu,8-1< 811< 8-1< 811< 8-1< 811< 8-1< 811< 8-1< 811<,0 0 1 1 2 2 3 3 4 4,1 -1 -1 1 1 -1 -1 1 1 -1 ,,,,,,,2021-10-30_15-30-35-08347134,45813425_0.0-44.166,Mat,Elite,IMG_7408.JPG,IMG_7409.JPG,,,,,,,,,,,None
ReAu,4-/ 8-3< 4-/ 8-3< 4-/ 8-3< 4-/ 8-3< 4-/ 8-3<,0 0 1 1 2 2 3 3 4 4,1 1 -1 -1 1 1 -1 -1 1 1,,,,,,,2021-10-30_15-34-12-ae9bbb54,197232fe_0.0-41.613,Mat,Elite,IMG_7408.JPG,IMG_7409.JPG,,,,,,,,,,,None
ReAu,4-o 41o 4-o 41o 4-o 41o 4-o 41o 4-o 41o,0 0 1 1 2 2 3 3 4 4,1 1 -1 -1 1 1 -1 -1 1 1,,,,,,,2021-10-30_15-37-04-1a4aeeb1,906bfdd2_0.0-44.162,Mat,Elite,IMG_7408.JPG,IMG_7409.JPG,,,,,,,,,,,None
ReAu,4-/ 43/ 4-/ 43/ 4-/ 43/ 4-/ 43/ 4-/ 43/,0 0 1 1 2 2 3 3 4 4,1 1 -1 -1 1 1 -1 -1 1 1,,,,,,,2021-10-30_15-39-41-acd1e1ec,bd873181_0.0-35.536,Mat,Elite,IMG_7408.JPG,IMG_7409.JPG,,,,,,,,,,,None
ReAu,41/ 831<,0 0,1 -1,,,,,,,2021-10-30_15-43-05-ed12af57,32bd320b_0.0-24.897,Mat,Elite,IMG_7408.JPG,IMG_7409.JPG,,,,,,,,,,,None
ReAu,41/ 831<,0 0,1 -1,,,,,,,2021-10-30_15-44-10-464a5731,01f14d13_0.0-27.052,Mat,Elite,IMG_7408.JPG,IMG_7409.JPG,,,,,,,,,,,None
ReAu,41/ 831<,0 0,1 -1,,,,,,,2021-10-30_15-47-00-21e373f6,919ce745_0.0-22.628,Mat,Elite,IMG_7408.JPG,IMG_7409.JPG,,,,,,,,,,,None
ReAu,41/ 831<,0 0,1 -1,,,,,,,2021-10-30_15-47-35-f7bdf8d1,9201d3ca_0.0-24.482,Mat,Elite,IMG_7408.JPG,IMG_7409.JPG,,,,,,,,,,,None
ReAu,41/ 831<,0 0,1 -1,,,,,,,2021-10-30_15-48-44-8689f1e5,955b1721_0.0-25.261,Mat,Elite,IMG_7408.JPG,IMG_7409.JPG,,,,,,,,,,,None
JoBu,41/ 42/ 41/ 42/ 41/ 42/ 41/,0 0 1 1 2 2 3,1 -1 -1 1 1 -1 -1,JoBu_01,41_42_haut,test01-001,12:57:26,0:09:28,13:06:54,2021-11-06_13-06-54-983ccb92,ca3a1c24_0.0-37.929,Mat,SubElite,IMG_7417.JPG,IMG_7415.JPG,3.5,0.25,3 4 5 6 7 8 9,0 1 2 3 4 5 6,,1700 1900,,,OK,G,
JoBu,41/ 42/ 41/ 42/,0 0 1 1,1 -1 -1 1,JoBu_02,42_42_haut_2,test01-002,12:58:26,0:09:28,13:07:54,2021-11-06_13-07-54-e9061c34,57b09e86_0.0-32.565,Mat,SubElite,IMG_7417.JPG,IMG_7415.JPG,3.5,0.25,3 4 5 6 7 8 9,1 2 3 4 5 6 7,,250 350,,,OK,G,
JoBu,4-o 41o 4-o 41o 4-o 41/ 4-o 41o 4-o 41o,0 0 1 1 2 0 3 2 4 3,1 1 -1 -1 1 1 -1 -1 1 1,JoBu_03,4-o_41o_1,test01-003,13:00:04,0:09:28,13:09:32,2021-11-06_13-09-32-547dc3cb,08b00ad6_0.0-40.779,Mat,SubElite,IMG_7417.JPG,IMG_7415.JPG,4,0.25,0 1 2 3 4 5 6,0 1 2 3 4 5 6,,130 330,,,OK,G,
JoBu,4-/,0,1,JoBu_04,4-_43_1,test01-004,13:01:37,0:09:28,13:11:05,2021-11-06_13-11-05-4c816cc9,61c20b97_0.0-28.929,,SubElite,IMG_7417.JPG,IMG_7415.JPG,5.5,0.25,2 3 4 5 6 7 8 9 10,0 1 2 3 4 5 6 7 8,,270 470,,,OK,G,
JoBu,4-/ 43/,0 0,1 1,JoBu_05,4-_43_2,test01-005,13:03:27,0:09:28,13:12:55,2021-11-06_13-12-55-df4f5f0a,2626f8e3_0.0-25.854,Mat,SubElite,IMG_7417.JPG,IMG_7415.JPG,5,0.25,0 1 2 3 4 5 6 7,0 1 2 3 4 5 6 7,,420 620,,,OK,G,
JoBu,4-/ 43/,0 0,1 1,JoBu_06,4-_43_3,test01-006,13:04:02,0:09:28,13:13:30,2021-11-06_13-13-30-b274611b,044c9910_0.0-25.246,Mat,SubElite,IMG_7417.JPG,IMG_7415.JPG,5,0.25,0 1 2 3 4 5 6,0 1 2 3 4 5 6,,130 530,,,OK,G,
JoBu,4-/ 43/,0 0,1 1,JoBu_07,4-_43_4,test01-007,13:04:40,0:09:28,13:14:08,2021-11-06_13-14-08-6b6ad721,dcee2d98_0.0-25.107,Mat,SubElite,IMG_7417.JPG,IMG_7415.JPG,5,0.25,0 1 2 3 4 5 6,0 1 2 3 4 5 6,,120 320,,,OK,G,
JoBu,4-/ 43/,0 0,1 1,JoBu_08,4-_43_5,test01-008,13:05:14,0:09:28,13:14:42,2021-11-06_13-14-42-21d1a55e,cdd95b2c_0.0-25.626,Mat,SubElite,IMG_7417.JPG,IMG_7415.JPG,5,0.25,0 1 2 3 4 5 6 7,0 1 2 3 4 5 6 7,,250 450,,,OK,G,
JoBu,4-o 41o 4-o 41o 4-o 41o 4-o 41o 4-o 41o,0 0 1 1 2 2 3 3 4 4,1 1 -1 -1 1 1 -1 -1 1 1,JoBu_09,4-o_41o_1,test01-009,13:08:15,0:09:28,13:17:43,2021-11-06_13-17-43-22b5ac14,90a3547c_0.0-35.681,Mat,SubElite,IMG_7417.JPG,IMG_7415.JPG,4,0.25,0 1 2 3,0 1 2 3,,470 670,,,OK,G,
JoBu,41/ 42/ 41/ 42/ 41/ 42/ 41/ 42/ 41/,0 0 1 1 2 2 3 3 4,1 -1 -1 1 1 -1 -1 1 1,JoBu_10,41_42_1,test01-010,13:09:32,0:09:28,13:19:00,2021-11-06_13-19-00-63745bdc,de035f64_0.0-37.556,Mat,SubElite,IMG_7417.JPG,IMG_7415.JPG,5,0.4,0 1 2 3 4 5 6,0 1 2 3 4 5 6,,600 800,,,OK,G,
JoBu,41/ 42/,0 0,1 -1,JoBu_11,41_42_2,test01-011,13:10:32,0:09:28,13:20:00,2021-11-06_13-20-00-2040c1f6,170add45_0.0-26.848,Mat,SubElite,IMG_7417.JPG,IMG_7415.JPG,4,0.25,0 1 2 3 4 5 6,0 1 2 3 4 5 6,,200 400,,,OK,G,
JoBu,4-o 41o 4-o 41o 4-o 41o 4-o 41o 4-o 41o,0 0 1 1 2 2 3 3 4 4,1 1 -1 -1 1 1 -1 -1 1 1,JoBu_12,4-_43_1,test01-012,13:11:23,0:09:28,13:20:51,2021-11-06_13-20-51-28327ff5,f2627d56_0.0-34.562,Mat,SubElite,IMG_7417.JPG,IMG_7415.JPG,4,0.25,2 3 4 5,0 1 2 3,,210 410,,,OK,G,
JoBu,4-/,0,1,JoBu_13,4-o_41o_1,test01-013,13:12:36,0:09:28,13:22:04,2021-11-06_13-22-04-e2808bba,53347e3d_0.0-19.89,,SubElite,IMG_7417.JPG,IMG_7415.JPG,4,0.25,1 2 3 4 5,0 1 2 3 4,,470 670,,,OK,G,
JoBu,4-/ 43/,0 0,1 1,JoBu_14,4-o_41o_2,test01-014,13:13:31,0:09:28,13:22:59,2021-11-06_13-22-59-f2634619,d5d215b8_0.0-27.254,Mat,SubElite,IMG_7417.JPG,IMG_7415.JPG,4,0.25,1 2 3 4 5 6 7 8,0 1 2 3 4 5 6 7,,350 550,,,OK,G,
JoBu,4-/ 43/,0 0,1 1,JoBu_15,4-o_41o_3,test01-015,13:14:07,0:09:28,13:23:35,2021-11-06_13-23-35-ae5e8487,e403452c_0.0-28.726,Mat,SubElite,IMG_7417.JPG,IMG_7415.JPG,4,0.25,0 1 2 3 4 5 6 7 8,0 1 2 3 4 5 6 7 8,,150 350,,,OK,G,
JoBu,4-/ 43/,0 0,1 1,JoBu_16,4-o_41o_4,test01-016,13:14:56,0:09:28,13:24:24,2021-11-06_13-24-24-27d6702e,0cac3475_0.0-30.132,Mat,SubElite,IMG_7417.JPG,IMG_7415.JPG,4,0.25,1 2 3 4 5 6 7 8 9,0 1 2 3 4 5 6 7 8,,500 700,,,OK,G,
JoBu,4-/ 43/,0 0,1 1,JoBu_17,4-o_41o_5,test01-017,13:15:34,0:09:28,13:25:02,2021-11-06_13-25-02-5d74842a,654d24ac_0.0-26.982,Mat,SubElite,IMG_7417.JPG,IMG_7415.JPG,4,0.25,0 1 2 3 4 5 6 7,0 1 2 3 4 5 6 7,,40 240,,,OK,G,peut etre rerun
JoBu,4-o 41o 4-o 41o 4-o 41o 4-o 41o 4-o 41o,0 0 1 1 2 2 3 3 4 4,1 1 -1 -1 1 1 -1 -1 1 1,JoBu_18,4-o_41o_haut_1,test01-018,13:19:26,0:09:28,13:28:54,2021-11-06_13-28-54-6bb9fda7,6259c9fc_0.0-41.233,,SubElite,IMG_7417.JPG,IMG_7415.JPG,4,0.25,0 1 2 3 4 5 6 7,0 1 2 3 4 5 6 7,,40 240,,,OK,G,
JoBu,4-/ 43/,0 0,1 1,JoBu_19,4-_43_1,test01-019,13:20:39,0:09:28,13:30:07,2021-11-06_13-30-07-645520bd,baea2680_0.0-36.463,Mat,SubElite,IMG_7417.JPG,IMG_7415.JPG,4,0.25,1 2 3 4 5 6 7 8 9,0 1 2 3 4 5 6 7 8,,680 880,,,OK,G,
JoBu,4-/ 43/,0 0,1 1,JoBu_20,4-_43_2,test01-020,13:21:35,0:09:28,13:31:03,2021-11-06_13-31-03-8e122c70,bd6d95d3_0.0-29.085,Mat,SubElite,IMG_7417.JPG,IMG_7415.JPG,4,0.25,0 1 2 3 4 5 6 7 8,0 1 2 3 4 5 6 7 8,,150 350,,,OK,G,
LeJa,4-/ 43/,0 0,1 1,LeJa_01,LeJa_4-_43_1,test01-001,12:25:47,0:00:14,12:26:01,2021-11-13_12-26-01-54df4848,f414e478_0.0-19.028,Mat,SubElite,IMG_7432.JPG,IMG_7433.JPG,4,0.25,0 1 2 3 4 5,0 1 2 3 4 5,,600 800,,,OK,G,
LeJa,4-/ 43/,0 0,1 1,LeJa_02,LeJa_4-_43_2,test01-002,12:26:34,0:00:14,12:26:48,2021-11-13_12-26-48-5b861f44,34969d86_0.0-18.269,Mat,SubElite,IMG_7432.JPG,IMG_7433.JPG,4,0.5,2 3 4 5,1 2 3 4,,475 675,,,OK,G,
LeJa,4-/ 43/,0 0,1 1,LeJa_03,LeJa_4-_43_3,test01-003,12:27:12,0:00:14,12:27:26,2021-11-13_12-27-26-3be5b3be,06db2f29_0.0-19.142,Mat,SubElite,IMG_7432.JPG,IMG_7433.JPG,5,0.5,0 1 2 3 4,0 1 2 3 4,,420 620,,,OK,G,
LeJa,4-/ 43/,0 0,1 1,LeJa_04,LeJa_4-_43_4,test01-004,12:27:50,0:00:14,12:28:04,2021-11-13_12-28-04-9974ad42,3e089f4a_0.0-19.005,Mat,SubElite,IMG_7432.JPG,IMG_7433.JPG,5,0.25,,,,400 600,,,OK,G,
LeJa,4-/ 43/,0 0,1 1,LeJa_05,LeJa_4-_43_5,test01-005,12:28:32,0:00:14,12:28:46,2021-11-13_12-28-46-ef9e89db,2e3f2ecd_0.0-24.454,Mat,SubElite,IMG_7432.JPG,IMG_7433.JPG,3.5,0.25,,,,550 750,,,OK,G,
LeJa,4-o 41o 4-o 41o 4-o 41o 4-o 41o 4-o 41o,0 0 1 1 2 2 3 3 4 4,1 1 -1 -1 1 1 -1 -1 1 1,LeJa_06,LeJa_4-_41_haut_1,test01-006,12:29:28,0:00:14,12:29:42,2021-11-13_12-29-42-05e4cd19,2fb17678_0.0-35.265,,SubElite,IMG_7432.JPG,IMG_7433.JPG,4,0.25,0 1 2 3 4 5 8,0 1 2 3 4 5 7,,0 140,,,OK,G,
LeJa,4-o 41o 4-o 41o 4-o 41o 4-o 41o 4-o 41o,0 0 1 1 2 2 3 3 4 4,1 1 -1 -1 1 1 -1 -1 1 1,LeJa_07,LeJa_4-_41_bas_1,test01-007,12:31:41,0:00:14,12:31:55,2021-11-13_12-31-55-cf4fcaeb,4e11f5cf_0.0-33.838,,SubElite,IMG_7432.JPG,IMG_7433.JPG,,,3 4,3 4,,50 250,,,OK,G,
LeJa,4-o 41o 4-o 41o 4-o 41o 4-o 41o 4-o 41o,0 0 1 1 2 2 3 3 4 4,1 1 -1 -1 1 1 -1 -1 1 1,LeJa_08,LeJa_4-_41_haut_2,test01-008,12:33:22,0:00:14,12:33:36,2021-11-13_12-33-36-ef9a9cb9,fb9b0d2a_0.0-33.566,,SubElite,IMG_7432.JPG,IMG_7433.JPG,3.5,0.5,5 6,3 4,,40 240,,,OK,G,
LeJa,41/ 42/,0 0,1 -1,LeJa_09,LeJa_41_42_1,test01-009,12:34:34,0:00:14,12:34:48,2021-11-13_12-34-48-4cd3574b,851f7748_0.0-32.748,Mat,SubElite,IMG_7432.JPG,IMG_7433.JPG,4.5,0.4,0 1 2 3 4 5,1 2 3 4 5 6,,620 820,,,OK,G,
LeJa,41/ 42/,0 0,1 -1,LeJa_10,LeJa_41_42_2,test01-010,12:36:07,0:00:14,12:36:21,2021-11-13_12-36-21-42446c69,c9e5541c_0.0-18.697,Mat,SubElite,IMG_7432.JPG,IMG_7433.JPG,3.5,0.25,,,,350 550,,,OK,G,
LeJa,41/ 42/,0 0,1 -1,LeJa_11,LeJa_41_42_3,test01-011,12:36:46,0:00:14,12:37:00,2021-11-13_12-37-00-12080890,51077da6_0.0-19.172,Mat,SubElite,IMG_7432.JPG,IMG_7433.JPG,4,0.4,,,,375 575,,,OK,G,
LeJa,41/ 42/,0 0,1 -1,LeJa_12,LeJa_41_42_4,test01-012,12:37:20,0:00:14,12:37:34,2021-11-13_12-37-34-b26cce2f,602f9d75_0.0-19.925,Mat,SubElite,IMG_7432.JPG,IMG_7433.JPG,5,0.25,,,,460 660,,,OK,G,
LeJa,41/ 42/,0 0,1 -1,LeJa_13,LeJa_41_42_5,test01-013,12:37:58,0:00:14,12:38:12,2021-11-13_12-38-12-fdbffe19,d4cd6b0e_0.0-20.932,Mat,SubElite,IMG_7432.JPG,IMG_7433.JPG,3.5,0.25,1 2 3 4 5 6 7,0 1 2 3 4 5 6,,340 540,,,OK,G,
LeJa,4-/ 43/,0 0,1 1,LeJa_14,LeJa_4-_43_6,test01-014,12:41:53,0:00:14,12:42:07,2021-11-13_12-42-07-28be0d77,9945ce07_0.0-23.816,Mat,SubElite,IMG_7432.JPG,IMG_7433.JPG,4,0.5,0 1 2 3,1 2 3 4,,775 900,,,OK,G,
LeJa,4-/ 43/,0 0,1 1,LeJa_15,LeJa_4-_43_7,test01-015,12:42:34,0:00:14,12:42:48,2021-11-13_12-42-48-7d07f3c7,,,SubElite,IMG_7432.JPG,IMG_7433.JPG,,,,,,,,,,,Manque Pupil
LeJa,4-/,0,1,LeJa_16,LeJa_4-_43_8,test01-016,12:43:09,0:00:14,12:43:23,2021-11-13_12-43-23-ed6ca239,204429c4_0.0-119.087,,SubElite,IMG_7432.JPG,IMG_7433.JPG,,,,,,180 380,,,,,Chute
LeJa,4-/ 43/,0 0,1 1,LeJa_17,LeJa_4-_43_9,test01-017,12:45:38,0:00:14,12:45:52,2021-11-13_12-45-52-c6e32f41,074f65e7_0.0-18.92,Mat,SubElite,IMG_7432.JPG,IMG_7433.JPG,5,0.5,1 2 3 4 5,0 1 2 3 4,,215 415,,,OK,G,
LeJa,4-/ 43/,0 0,1 1,LeJa_18,LeJa_4-_43_10,test01-018,12:46:13,0:00:14,12:46:27,2021-11-13_12-46-27-41d5ee64,3e1160f6_0.0-19.02,Mat,SubElite,IMG_7432.JPG,IMG_7433.JPG,4.5,0.5,0 1 2 3 4,0 1 2 3 4,,430 630,,,OK,G,
LeJa,4-/ 43/,0 0,1 1,LeJa_19,LeJa_4-_43_11,test01-019,12:46:50,0:00:14,12:47:04,2021-11-13_12-47-04-85c19888,4a7030c5_0.0-19.085,Mat,SubElite,IMG_7432.JPG,IMG_7433.JPG,5,0.25,,,,420 620,,,OK,G,
LeJa,4-o 41o 4-o 41o 4-o 41o 4-o 41o 4-o 41o,0 0 1 1 2 2 3 3 4 4,1 1 -1 -1 1 1 -1 -1 1 1,LeJa_20,LeJa_4-_41_bas_2,test01-020,12:47:36,0:00:14,12:47:50,2021-11-13_12-47-50-b0b57688,6ac54c73_0.0-24.288,,SubElite,IMG_7432.JPG,IMG_7433.JPG,,,1,2,,180 380,,,OK,G,
LeJa,41/ 42/,0 0,1 -1,,,,12:48:24,0:00:14,12:48:38,2021-11-13_12-48-38-f21723c9,42b9d9e6_0.0-23.609,Mat,SubElite,IMG_7432.JPG,IMG_7433.JPG,,,,,,,,,,,Manque Xsens
LeJa,41/ 42/,0 0,1 -1,LeJa_22,LeJa_41_42_6,test01-022,12:55:37,0:00:14,12:55:51,2021-11-13_12-55-51-dc61ad55,a2a9d0ea_0.0-19.413,Mat,SubElite,IMG_7432.JPG,IMG_7433.JPG,5,0.25,0 1 2 3 4,0 1 2 3 4,,430 630,,,OK,G,
LeJa,41/ 42/,0 0,1 -1,LeJa_23,LeJa_41_42_7,test01-023,12:56:28,0:00:14,12:56:42,2021-11-13_12-56-42-c4217979,29e4279c_0.0-19.534,Mat,SubElite,IMG_7432.JPG,IMG_7433.JPG,4.5,0.25,0 1 2 3 4 5,0 1 2 3 4 5,,400 600,,,OK,G,
LeJa,41/ 42/,0 0,1 -1,LeJa_24,LeJa_41_42_8,test01-024,12:57:00,0:00:14,12:57:14,2021-11-13_12-57-14-f3e1c43f,2d5dab18_0.0-21.292,Mat,SubElite,IMG_7432.JPG,IMG_7433.JPG,5,0.25,0 1 2 3 4 5,0 1 2 3 4 5,,400 600,,,OK,G,
LeJa,41/ 42/,0 0,1 -1,LeJa_25,LeJa_41_42_9,test01-025,12:57:38,0:00:14,12:57:52,2021-11-13_12-57-52-dba6abe7,fc1660a3_0.0-21.767,Mat,SubElite,IMG_7432.JPG,IMG_7433.JPG,3.5,0.25,0 1 2 3 4 5 6,0 1 2 3 4 5 6,,320 520,,,OK,G,
LeJa,41/ 42/,0 0,1 -1,LeJa_26,LeJa_41_42_10,test01-026,12:58:16,0:00:14,12:58:30,2021-11-13_12-58-30-c12bb6de,52a61d10_0.0-21.833,Mat,SubElite,IMG_7432.JPG,IMG_7433.JPG,4.7,0.3,0 1 2 3 4 5 6,0 1 2 3 4 5 6,,170 370,,,OK,G,
LiDu,4-o 41o 4-o 41o 4-o 41o 4-o 41o 4-o 41o,0 0 1 1 2 2 3 3 4 4,-1 -1 1 1 -1 -1 1 1 -1 -1,LiDu_01,LiDu_4-_41_haut_1,test01-001,2:41:02,12:04:00,14:45:02,2021-11-18_14-45-02-0690c7b2,435693c9_0.0-35.67,,SubElite,IMG_7438.JPG,IMG_7439.JPG,,,2 3 4 5 6 7 8,0 1 2 3 4 5 6,,170 370,,,OK,G,
LiDu,41/ 42/ 41/ 42/ 41/ 42/ 41/ 42/ 41/ 42/,0 0 1 1 2 2 3 3 4 4,-1 1 1 -1 -1 1 1 -1 -1 1,LiDu_02,LiDu_41_42_1,test01-002,2:42:11,12:04:00,14:46:11,2021-11-18_14-46-11-32e41553,cf24ba2e_0.0-45.3,Mat,SubElite,IMG_7438.JPG,IMG_7439.JPG,5,0.4,,,,220 420,,,OK,G,
LiDu,41/ 42/ 41/ 42/ 41/ 42/ 41/ 42/ 41/ 42/,0 0 1 1 2 2 3 3 4 4,-1 1 1 -1 -1 1 1 -1 -1 1,LiDu_03,LiDu_41_42_2,test01-003,2:43:47,12:04:00,14:47:47,2021-11-18_14-47-47-aecbec5b,f0f8853f_0.0-41.182,Mat,SubElite,IMG_7438.JPG,IMG_7439.JPG,3.5,0.25,,,,260 460,,,OK,G,
LiDu,41o 4-o 41o 4-o 41o 4-o 41o 4-o 41o 4-o,0 0 1 1 2 2 3 3 4 4,-1 1 1 -1 -1 1 1 -1 -1 1,LiDu_04,LiDu_4-_41_bas_1,test01-004,2:44:49,12:04:00,14:48:49,2021-11-18_14-48-49-bb67f412,a3f82c15_0.0-24.884,,SubElite,IMG_7438.JPG,IMG_7439.JPG,,,2 3,0 1,,100 300,,,OK,G,
LiDu,4-/ 43/ 4-/ 43/ 4-/ 43/ 4-/ 43/ 4-/ 43/,0 0 1 1 2 2 3 3 4 4,-1 -1 1 1 -1 -1 1 1 -1 -1,LiDu_05,LiDu_4-_43_1,test01-005,2:45:51,12:04:00,14:49:51,2021-11-18_14-49-51-c2c4f0e0,e67eb5ef_0.0-38.589,Mat,SubElite,IMG_7438.JPG,IMG_7439.JPG,3.5,0.25,,,,130 330,,,OK,G,
LiDu,4-/ 43/ 4-/ 43/ 4-/ 43/ 4-/ 43/ 4-/ 43/,0 0 1 1 2 2 3 3 4 4,-1 -1 1 1 -1 -1 1 1 -1 -1,LiDu_06,LiDu_4-_43_2,test01-006,2:48:50,12:04:00,14:52:50,2021-11-18_14-52-50-65d473ad,eac27c53_0.0-37.997,Mat,SubElite,IMG_7438.JPG,IMG_7439.JPG,3.5,0.25,,,,250 450,,,OK,G,
LiDu,4-o 41o 4-o 41o 4-o 41o 4-o 41o 4-o 41o,0 0 1 1 2 2 3 3 4 4,-1 -1 1 1 -1 -1 1 1 -1 -1,LiDu_07,LiDu_4-_41_haut_2,test01-007,2:49:42,12:04:00,14:53:42,2021-11-18_14-53-42-e9b56470,54db37c2_0.0-41.859,,SubElite,IMG_7438.JPG,IMG_7439.JPG,,,,,,0 200,,,OK,G,
LiDu,4-o 41o 4-o 41o 4-o 41o 4-o 41o 4-o 41o,0 0 1 1 2 2 3 3 4 4,-1 -1 1 1 -1 -1 1 1 -1 -1,LiDu_08,LiDu_4-_41_bas_2,test01-008,2:50:38,12:04:00,14:54:38,2021-11-18_14-54-38-859e2d63,a6312c91_0.0-22.486,,SubElite,IMG_7438.JPG,IMG_7439.JPG,,,,,,0 100,,,OK,G,
JeCa,4-/ 43/ 4-/ 43/ 4-/ 43/ 4-/ 43/ 4-/ 43/,0 0 1 1 2 2 3 3 4 4,1 1 -1 -1 1 1 -1 -1 1 1,JeCa_01,4- 43 5x,test01-001,12:59:57,0:23:56,13:23:53,2022-04-06_13-23-53-0bb30999,7669b13c_0.0-37.556,Mat,Elite,JeCa_face.png,JeCa_cote.png,3.5,0.25,1 2 3 4 5 6,0 1 2 3 4 5,,280 480,,,OK,D,
JeCa,4-/ 43/ 4-/ 43/ 4-/ 4-/ 43/ 4-/ 43/ 4-/ 43/,0 0 1 1 2 3 2 4 3 5 4,1 1 -1 -1 1 1 1 -1 -1 1 1,JeCa_02,4- 43 5x,test01-002,13:17:42,0:23:56,13:41:38,2022-04-06_13-41-38-2882c5ed,4844d426_0.0-49.044,,Elite,JeCa_face.png,JeCa_cote.png,3.5,0.25,7 8 9 10 11,3 4 5 6 7,,975 1175,,,OK,D,
JeCa,8-1< 822/ 8-1< 822/,0 0 1 1,1 -1 1 -1,JeCa_03,822 2x,test01-003,13:19:39,0:23:56,13:43:35,2022-04-06_13-43-35-dd6c15fe,9943e73a_0.0-48.65,,Elite,JeCa_face.png,JeCa_cote.png,3.5,0.25,8 9 10 11 12 13,5 6 7 8 9 10,,80 280,,,OK,D,
JeCa,8-1< 822/ 8-1< 822/,0 0 1 1,1 -1 1 -1,JeCa_04,822 2x,test01-006,13:32:01,0:23:56,13:55:57,2022-04-06_13-55-57-829863c4,efbe8c87_0.0-48.196,,Elite,JeCa_face.png,JeCa_cote.png,,,6 7 8 9 10,4 5 6 7 8,,560 760,,,OK,D,
JeCa,8-1< 811< 8-1< 811<,0 0 1 1,1 -1 -1 1,JeCa_05,8-1 811 3x,test01-007,12:34:12,0:23:56,12:58:08,2022-04-06_13-58-08-8e2a5008,ebf00622_0.0-45.973,,Elite,JeCa_face.png,JeCa_cote.png,3.5,0.25,5 6 7 8 9 10 11 12 13,2 3 4 5 6 7 8 9 10,,230 430,,,OK,D,
JeCa,8-1< 811<,0 0,1 -1,JeCa_06,8-1 811 2x,test01-008,13:39:29,0:23:56,14:03:25,2022-04-06_14-03-25-0dd57520,e24a8784_0.0-37.126,,Elite,JeCa_face.png,JeCa_cote.png,3.5,0.25,2 3 4 5 6 7 8 9 10,0 1 2 3 4 5 6 7 8,,50 250,,,OK,D,
JeCa,8-1< 811< 8-1< 811< 8-1< 811< 8-1< 811<,0 0 1 1 2 2 3 3,1 -1 -1 1 1 -1 -1 1,JeCa_07,8-1 811 2x,test01-009,13:41:48,0:23:56,14:05:44,2022-04-06_14-05-44-8c89f5dd,d735c789_0.0-46.057,,Elite,JeCa_face.png,JeCa_cote.png,3,0.25,6 7 8 9 10 11 12,4 5 6 7 8 9 10,,170 370,,,OK,D,
JeCa,41/ 42/ 41/ 42/ 41/ 42/ 41/ 42/ 41/ 42/,0 0 1 1 2 2 3 3 4 4,1 -1 -1 1 1 -1 -1 1 1 -1,JeCa_08,41 42 5x,test01-010,13:43:48,0:23:56,14:07:44,2022-04-06_14-07-44-6bf18b48,a7facc61_0.0-43.542,Mat,Elite,JeCa_face.png,JeCa_cote.png,4,0.4,1 2 3 4 5 6,0 1 2 3 4 5,,130 330,,,OK,D,
JeCa,831<,0,1,JeCa_09,831 3x,test01-011,13:46:25,0:23:56,14:10:21,2022-04-06_14-10-21-f5418443,700b4b85_0.0-53.754,,Elite,JeCa_face.png,JeCa_cote.png,3,0.25,5 6 7 8 9 10,3 4 5 6 7 8,,80 280,,,OK,D,main qui se croise
JeCa,831< 831<,0 1,1 1,JeCa_10,831 2x,test01-012,13:48:37,0:23:56,14:12:33,2022-04-06_14-12-33-5a499e3f,13082601_0.0-42.397,,Elite,JeCa_face.png,JeCa_cote.png,3.5,0.5,2 3 4 5 6 7 8 9 10,1 2 3 4 5 6 7 8 9,,140 340,,,OK,D,
JeCa,41/ 42/ 41/ 42/ 41/ 42/ 41/ 42/ 41/ 42/,0 0 1 1 2 2 3 3 4 4,1 -1 -1 1 1 -1 -1 1 1 -1,JeCa_11,41 42 5x _2,test01-013,13:53:31,0:23:56,14:17:27,2022-04-06_14-17-27-5c407833,f8ceb138_0.0-40.355,,Elite,JeCa_face.png,JeCa_cote.png,3.5,0.25,1 2 3 4 5 6 7 8,0 1 2 3 4 5 6 7,,280 480,,,OK,D,
JeCa,4-o 41o 4-o 41o 4-o 41o 4-o 41o 4-o 41o,0 0 1 1 2 2 3 3 4 4,1 1 -1 -1 1 1 -1 -1 1 1,JeCa_12,4-o 41o bas 10x,test01-014,13:55:26,0:23:56,14:19:22,2022-04-06_14-19-22-80bcc549,c4dff857_0.0-25.933,,Elite,JeCa_face.png,JeCa_cote.png,,,2 3,0 1,,40 240,,,OK,D,
JeCa,4-o 41o 4-o 41o 4-o 4-o 41o 4-o 41o 4-o 41o,0 0 1 1 2 3 2 4 3 5 4,1 1 -1 -1 1 1 1 -1 -1 1 1,JeCa_13,4-o 41o haut 10x,test01-015,13:56:44,0:23:56,14:20:40,2022-04-06_14-20-40-e1412241,f35b4d5a_0.0-61.867,,Elite,JeCa_face.png,JeCa_cote.png,4,0.5,10 11 12 13 14 15 16 17,5 6 7 8 9 10 11 12,,1110 1310,,,OK,D,
JeCa,4-/ 43/ 4-/ 43/ 4-/ 43/ 4-/ 43/ 4-/ 43/,0 0 1 1 2 2 3 3 4 4,1 1 -1 -1 1 1 -1 -1 1 1,JeCa_14,4- 43 5x _2,test01-016,13:58:48,0:23:56,14:22:44,2022-04-06_14-22-44-7368a303,e86e9df3_0.0-42.046,Mat,Elite,JeCa_face.png,JeCa_cote.png,3.5,0.25,2 3 4 5 6 7 8 9,1 2 3 4 5 6 7 8,,175 375,,,OK,D,
JeCa,8-1o 8--o 8-1o,0 0 1,1 -1 -1,JeCa_15,8-1o 8--o 1x,test01-017,14:00:56,0:23:56,14:24:52,2022-04-06_14-24-52-18d7ea1c,8298d071_0.0-35.819,,Elite,JeCa_face.png,JeCa_cote.png,,,4 5 6 7 8 9 10 11 12,0 1 2 3 4 5 6 7 8,,0 200,,,OK,D,
JeCa,8-1o 8--o 8-1o 8--o 8-1o 8--o 8-1o 8--o,0 0 1 1 2 2 3 3,1 -1 -1 1 1 -1 1 -1,JeCa_16,8-1o 8--o 4x,test01-018,14:04:50,0:23:56,14:28:46,2022-04-06_14-28-46-de5e69fd,8eb24eff_0.0-61.321,,Elite,JeCa_face.png,JeCa_cote.png,,,2 3 4 5 6 7 8 9 10 11 12 13,0 1 2 3 4 5 6 7 8 9 10 11,,20 220,,,OK,D,
JeCa,8-3< 8-3< 8-3<,0 1 2,1 1 1,JeCa_17,8-3 2x,test01-019,14:07:15,0:23:56,14:31:11,2022-04-06_14-31-11-83cfbebc,0391873e_0.0-65.828,,Elite,JeCa_face.png,JeCa_cote.png,,,5 6 7 8 9 10 11 12 13 14,3 4 5 6 7 8 9 10 11 12,,20 220,,,OK,D,
JeCa,8-3< 8-3<,0 1,1 1,JeCa_18,8-3 2x,test01-020,14:09:50,0:23:56,14:33:46,2022-04-06_14-33-46-d853603d,5daf5359_0.0-54.063,,Elite,JeCa_face.png,JeCa_cote.png,3,0.25,4 5 6 7 8,2 3 4 5 6,,40 240,,,OK,D,
MaBo,41/ 4-/ 41/,0 0 1,1 -1 -1,MaBo_01,4- 43 2x,test01-001,3:03:06,12:23:54,15:27:00,2022-04-06_15-27-00-38efe442,db8784f7_0.0-25.766,Mat,Elite,MaBo_face.png,MaBo_cote.png,3.5,0.25,0 1 2 3 4 5 6,0 1 2 3 4 5 6,,150 350,,,OK,G,
MaBo,4-/ 41/ 4-/ 41/ 4-/ 41/ 4-/,0 0 1 1 2 2 3,1 1 -1 -1 1 1 -1,MaBo_02,4- 43 7x,test01-002,3:04:29,12:23:54,15:28:23,2022-04-06_15-28-23-ad1bb0cc,137e5a69_0.0-31.371,,Elite,MaBo_face.png,MaBo_cote.png,3.5,0.25,,,,330 530,,,OK,G,
MaBo,4-o 41o 4-o 41o 4-o 41o 4-o 41o 4-o 41o,0 0 1 1 2 2 3 3 4 4,1 1 -1 -1 1 1 -1 -1 1 1,MaBo_03,4-o 41o bas,test01-004,3:06:45,12:23:54,15:30:39,2022-04-06_15-30-39-9669eb7d,e65ff4bb_0.0-29.901,,Elite,MaBo_face.png,MaBo_cote.png,3.5,0.25,,,,120 320,,,OK,G,
MaBo,4-o 41o 4-o 41o 4-o 41o 4-o 41o 4-o 41o,0 0 1 1 2 2 3 3 4 4,1 1 -1 -1 1 1 -1 -1 1 1,MaBo_04,4-o 41o haut,test01-005,3:07:47,12:23:54,15:31:41,2022-04-06_15-31-41-003a2337,50ca7b67_0.0-40.834,,Elite,MaBo_face.png,MaBo_cote.png,3.5,0.25,1 2 3 4 5 6 7 8,0 1 2 3 4 5 6 7,,0 180,,,OK,G,
MaBo,4-/ 41/ 4-/ 41/ 4-/ 41/ 4-/ 41/ 4-/ 41/,0 0 1 1 2 2 3 3 4 4,1 1 -1 -1 1 1 -1 -1 1 1,MaBo_05,4- 43 _2,test01-006,3:10:02,12:23:54,15:33:56,2022-04-06_15-33-56-07493526,99bdf0c2_0.0-37.805,,Elite,MaBo_face.png,MaBo_cote.png,3.5,0.25,,,,215 415,,,OK,G,
MaBo,41/ 42/ 41/ 42/ 41/ 42/ 41/ 42/ 41/ 42/,0 0 1 1 2 2 3 3 4 4,1 -1 -1 1 1 -1 -1 1 1 -1,MaBo_06,41 42,test01-007,3:11:01,12:23:54,15:34:55,2022-04-06_15-34-55-0a1d1073,e803a15a_0.0-41.249,Mat,Elite,MaBo_face.png,MaBo_cote.png,3,0.2,5 6 7 8 9 10,0 1 2 3 4 5,,425 625,,,OK,G,
MaBo,8-1o 8--o 8-1o 8--o,0 0 1 1,1 -1 -1 1,MaBo_07,8-1o 8--o 4x,test01-008,3:12:53,12:23:54,15:36:47,2022-04-06_15-36-47-6936f6e1,c309b3af_0.0-28.658,,Elite,MaBo_face.png,MaBo_cote.png,3.5,0.25,,,,30 230,,,OK,G,
MaBo,8-1o 8--o 8-1o,0 0 1,1 -1 -1,MaBo_08,8-1o 8--o 3x headband fell off,test01-009,3:14:12,12:23:54,15:38:06,2022-04-06_15-38-06-1c9f70d8,f343a23a_0.0-29.524,,Elite,MaBo_face.png,MaBo_cote.png,3.5,0.25,,,,330 530,,,OK,G,
MaBo,8-1o 8--o 8-1o 8--o,0 0 1 1,1 -1 -1 1,MaBo_09,8-1o 8--o 4x,test01-010,3:17:41,12:23:54,15:41:35,2022-04-06_15-41-35-3503b4eb,373e932b_0.0-28.053,,Elite,MaBo_face.png,MaBo_cote.png,3.5,0.25,,,,0 200,,,OK,G,
MaBo,8-3<,0,-1,MaBo_10,8-3 1x,test01-011,3:19:51,12:23:54,15:43:45,2022-04-06_15-43-45-f1fda320,e83e6642_0.0-29.286,,Elite,MaBo_face.png,MaBo_cote.png,3.5,0.25,1 2 3 4 5 6 7 8 9 10,0 1 2 3 4 5 6 7 8 9,,120 320,,,OK,G,
MaBo,8-3< 4-/,0 0,-1 1,MaBo_11,8-3 1x _2,test01-012,3:19:59,12:23:54,15:43:53,2022-04-06_15-44-53-416e6c23,7f83efa7_0.0-29.634,,Elite,MaBo_face.png,MaBo_cote.png,3.5,0.25,0 1 2 3 4 5 6 7 8,0 1 2 3 4 5 6 7 8,,60 260,,,OK,G,
MaBo,8-3< 4-/ 8-3<,0 0 1,-1 1 1,MaBo_12,8-3 1x _3,test01-013,3:22:07,12:23:54,15:46:01,2022-04-06_15-46-01-830649c5,5af5afb4_0.0-30.091,,Elite,MaBo_face.png,MaBo_cote.png,3.5,0.25,1 2 3 4 5 6 7 8 9 10,0 1 2 3 4 5 6 7 8 9,,210 410,,,OK,G,
MaBo,8-3<,0,-1,MaBo_13,8-3 1x _4,test01-014,3:23:19,12:23:54,15:47:13,2022-04-06_15-47-13-19d9c4b7,cedf0de5_0.0-25.622,,Elite,MaBo_face.png,MaBo_cote.png,3.5,0.25,,,,80 280,,,OK,G,
MaBo,8-1< 811< 8-1<,0 0 1,1 -1 -1,MaBo_14,8-1 811 _1,test01-015,3:25:18,12:23:54,15:49:12,2022-04-06_15-49-12-08d0329b,09cadbda_0.0-37.036,,Elite,MaBo_face.png,MaBo_cote.png,3,0.2,7 8 9 10 11 12 13 14,5 6 7 8 9 10 11 12,,80 280,,,OK,G,
MaBo,8-1< 811< 8-1< 811< 8-1< 811<,0 0 1 1 2 2,1 -1 1 -1 1 -1,MaBo_15,8-1 811 _2,test01-016,3:27:05,12:23:54,15:50:59,2022-04-06_15-50-59-d1a2218e,7c24136c_0.0-73.586,,Elite,MaBo_face.png,MaBo_cote.png,3.5,0.25,,,,100 300,,,OK,G,
MaBo,8-1< 811<,0 0,1 -1,MaBo_16,8-1 811 _3,test01-017,3:30:03,12:23:54,15:53:57,2022-04-06_15-53-57-5e73c852,51e421cd_0.0-27.863,,Elite,MaBo_face.png,MaBo_cote.png,3.5,0.25,,,,80 280,,,OK,G,
JeCh,8-1o 8--o 8-1o 8--o 8-1o 8--o 8-1o 8--o,0 0 1 1 2 2 3 3,1 -1 -1 1 1 -1 -1 1,JeCh_01,JeCh_8-1_8--_1,New Session-001,5:06:32,12:02:42,17:09:14,2022-04-18_17-09-14-fe724583,776ced4c_0.0-55.23,,Elite,277919310_418695373398395_5390958102959184963_n.jpg,278362009_3231842090378120_8603896538613714454_n.jpg,3,0.25,2 3 4 5 6 7 8 9 10,0 1 2 3 4 5 6 7 8,,300 500,,,OK,G,
JeCh,8-1o 8--o,0 0,1 -1,JeCh_02,JeCh_8-1_8--_2,New Session-002,5:07:54,12:02:42,17:10:36,2022-04-18_17-10-36-7261fe3b,b7fd6f33_0.0-38.469,,Elite,277919310_418695373398395_5390958102959184963_n.jpg,278362009_3231842090378120_8603896538613714454_n.jpg,3.5,0.25,3 4 5 6 7 8 9 10,1 2 3 4 5 6 7 8,,0 200,,,OK,D,
JeCh,4-o 4-o 831< ,0 1 0,1 1 1,JeCh_03,JeCh_831_1,New Session-003,5:10:48,12:02:42,17:13:30,2022-04-18_17-13-30-d683ccaf,35f2d6be_0.0-67.734,,Elite,277919310_418695373398395_5390958102959184963_n.jpg,278362009_3231842090378120_8603896538613714454_n.jpg,3.5,0.25,4 5 6 7 8 9 10,1 2 3 4 5 6 7,,500 700,,,OK,D,
JeCh,4-o 831< 4-o 831<,0 0 1 1,1 1 1 1,,,,5:12:25,12:02:42,17:15:07,2022-04-18_17-15-07-21fe85a2,f8282382_0.0-44.708,,Elite,277919310_418695373398395_5390958102959184963_n.jpg,278362009_3231842090378120_8603896538613714454_n.jpg,,,,,,,,,,,
JeCh,4-o 831< 4-o 831<,0 0 1 1,1 1 1 1,JeCh_04,JeCh_831_3,New Session-005,5:15:26,12:02:42,17:18:08,2022-04-18_17-18-08-2fd69872,93a8564c_0.0-63.246,,Elite,277919310_418695373398395_5390958102959184963_n.jpg,278362009_3231842090378120_8603896538613714454_n.jpg,3.5,0.25,1 2 3 4 5 6 7,1 2 3 4 5 6 7,,360 510,,,OK,D,
JeCh,8-1o 822/,0 0,1 -1,JeCh_05,JeCh_822_1,New Session-006,5:18:07,12:02:42,17:20:49,2022-04-18_17-20-49-cc17717d,7248ccd1_0.0-33.202,,Elite,277919310_418695373398395_5390958102959184963_n.jpg,278362009_3231842090378120_8603896538613714454_n.jpg,3.5,0.25,0 1 2 3 4 5,1 2 3 4 5 6,,630 740,,,OK,D,
JeCh,8-1o 822/,0 0,1 -1,JeCh_06,JeCh_822_2,New Session-007,5:19:55,12:02:42,17:22:37,2022-04-18_17-22-37-d5aa6d08,4a7d5ab4_0.0-39.115,,Elite,277919310_418695373398395_5390958102959184963_n.jpg,278362009_3231842090378120_8603896538613714454_n.jpg,3.5,0.25,,,,50 160,,,OK,D,
JeCh,8-1o 822/ 8-1o 822/,0 0 1 1,1 -1 -1 1,JeCh_08,JeCh_822_4,New Session-009,5:29:38,12:02:42,17:32:20,2022-04-18_17-32-20-5619db1d,b6ba4a89_0.0-38.292,,Elite,277919310_418695373398395_5390958102959184963_n.jpg,278362009_3231842090378120_8603896538613714454_n.jpg,4.8,0.25,,,,0 160,,,OK,D,
JeCh,8-1o 822/,0 0,1 -1,JeCh_09,JeCh_822_5,New Session-010,5:31:05,12:02:42,17:33:47,2022-04-18_17-33-47-f03b20d0,b58c88c8_0.0-31.044,,Elite,277919310_418695373398395_5390958102959184963_n.jpg,278362009_3231842090378120_8603896538613714454_n.jpg,3.5,0.25,2 3 4 5 6 7,0 1 2 3 4 5,,140 340,,,OK,D,
JeCh,41o 4-o 41o 4-o 41o 4-o,0 0 1 1 2 2,1 -1 -1 1 1 -1,JeCh_10,JeCh_4-_41_bas_1,New Session-011,5:33:40,12:02:42,17:36:22,2022-04-18_17-36-22-d49fbdac,72fad5e4_0.0-38.645,,Elite,277919310_418695373398395_5390958102959184963_n.jpg,278362009_3231842090378120_8603896538613714454_n.jpg,,,5 6 7 8 9 10,0 1 2 3 4 5,,420 520,,,OK,D,
JeCh,41o 4-o 41o 4-o,0 0 1 1,1 -1 -1 1,JeCh_11,JeCh_4-_41_haut_2,New Session-012,5:35:18,12:02:42,17:38:00,2022-04-18_17-38-00-f654cdca,943b7bef_0.0-42.294,,Elite,277919310_418695373398395_5390958102959184963_n.jpg,278362009_3231842090378120_8603896538613714454_n.jpg,4.5,0.25,1 2 3 4 5,0 1 2 3 4,,220 420,,,OK,D,
JeCh,41o 4-o 41o 4-o 41o 4-o 41o 4-o 41o 4-o 41o 4-o 41o 4-o,0 0 1 1 2 2 3 3 4 4 5 5 6 6,1 -1 -1 1 1 -1 -1 1 1 -1 -1 1 1 -1,JeCh_12,JeCh_4-_41_bas_vrai_1,New Session-013,5:36:40,12:02:42,17:39:22,2022-04-18_17-39-22-4cbccb9b,265e5996_0.0-41.372,,Elite,277919310_418695373398395_5390958102959184963_n.jpg,278362009_3231842090378120_8603896538613714454_n.jpg,3.5,0.25,2 3 4,1 2 3,,200 400,,,OK,D,
JeCh,43/ 4-/ 43/ 4-/ 43/ 4-/ 43/ 4-/ 43/ 4-/,0 0 1 1 2 2 3 3 4 4,1 -1 -1 1 1 -1 -1 1 1 -1,JeCh_13,JeCh_4-_43_1,New Session-014,5:38:50,12:02:42,17:41:32,2022-04-18_17-41-32-9fa23d01,02b84bdc_0.0-63.135,,Elite,277919310_418695373398395_5390958102959184963_n.jpg,278362009_3231842090378120_8603896538613714454_n.jpg,3.5,0.25,1 2 3 4 5 6,0 1 2 3 4 5,,345 530,,,OK,D,
JeCh,8-3< 8-3<,0 1,1 -1,JeCh_14,JeCh_8-3_1,New Session-015,5:43:46,12:02:42,17:46:28,2022-04-18_17-46-28-e0bd33b5,9079720a_0.0-36.49,,Elite,277919310_418695373398395_5390958102959184963_n.jpg,278362009_3231842090378120_8603896538613714454_n.jpg,,,4 5 6 7 8 9 10,0 1 2 3 4 5 6,,220 420,,,OK,D,
JeCh,8-3< 8-3< 8-3<,0 1 2,1 -1 1,JeCh_15,JeCh_8-3_2,New Session-016,5:45:13,12:02:42,17:47:55,2022-04-18_17-47-55-15fd81ff,c2f91bf1_0.0-48.398,,Elite,277919310_418695373398395_5390958102959184963_n.jpg,278362009_3231842090378120_8603896538613714454_n.jpg,,,10 11 12 13 14 15,5 6 7 8 9 10,,180 300,,,OK,D,
JeCh,41/ 42/ 41/ 42/,0 0 1 1,1 -1 -1 1,JeCh_16,JeCh_41_42_1,New Session-017,5:48:31,12:02:42,17:51:13,2022-04-18_17-51-13-f55b0ea8,5548234f_0.0-37.049,,Elite,277919310_418695373398395_5390958102959184963_n.jpg,278362009_3231842090378120_8603896538613714454_n.jpg,3.5,0.25,3 4 5 6 7 8 9,0 1 2 3 4 5 6,,560 680,,,OK,D,
AlAd,41/ 42/ 41/ 42/ 41/ 42/ 41/ 42/ 41/ 42/,0 0 1 1 2 2 3 3 4 4,1 -1 -1 1 1 -1 -1 1 1 -1,AlAd_01,AlAd_41_42_1,test01-001,11:59:26,0:19:00,12:18:26,2022-05-14_12-18-26-8bf04950,1b1bd3b2_0.0-66.812,,Elite,AlAd_face.JPG,AlAd_cote.JPG,3.5,0.25,1 2 3 4 5 6 7 8 9,0 1 2 3 4 5 6 7 8,,200 400,,,OK,G,
AlAd,821< 821<,0 1,1 1,AlAd_02,AlAd_821_1,test01-002,12:02:37,0:19:00,12:21:37,2022-05-14_12-21-37-64e8483e,cf71e693_0.0-83.503,,Elite,AlAd_face.JPG,AlAd_cote.JPG,3.5,0.25,1 2 3 4 5 6 7 8 9 10 11,0 1 2 3 4 5 6 7 8 9 10,,0 30,,,OK,G,
AlAd,821< 821< 821<,0 1 2,1 -1 1,AlAd_03,AlAd_821_2,test01-003,12:05:14,0:19:00,12:24:14,2022-05-14_12-24-14-89d30779,2cae70db_0.0-73.011,,Elite,AlAd_face.JPG,AlAd_cote.JPG,3.5,0.25,10 11 12 13,8 9 10 11,,130 200,,,OK,G,
AlAd,41/ 42/ 41/ 42/ 41/ 42/ 41/ 42/ 41/ 42/,0 0 1 1 2 2 3 3 4 4,1 -1 -1 1 1 -1 -1 1 1 -1,AlAd_04,AlAd_41_42_2,test01-004,12:08:27,0:19:00,12:27:27,2022-05-14_12-27-27-977d792e,eee37896_0.0-62.99,,Elite,AlAd_face.JPG,AlAd_cote.JPG,4.5,0.5,12 13,0 1,,480 580,,,OK,G,
AlAd,8-3<,0,1,AlAd_05,AlAd_8-3_1,test01-005,12:13:48,0:19:00,12:32:48,2022-05-14_12-32-48-09505927,1471d4b7_0.0-44.496,,Elite,AlAd_face.JPG,AlAd_cote.JPG,4.5,0.25,7 8 9 10 11,3 4 5 6 7,,760 820,,,OK,G,
AlAd,8-3< 8-3< 8-3< 8-3<,0 1 2 3,1 1 1 1,AlAd_06,AlAd_8-3_2,test01-006,12:16:03,0:19:00,12:35:03,2022-05-14_12-35-03-fea71e64,859e8a71_0.0-80.46,,Elite,AlAd_face.JPG,AlAd_cote.JPG,4.5,0.5,5 6 7 8 9 10 11,3 4 5 6 7 8 9,,800 860,,,OK,G,
AlAd,4-o 41o 4-o 41o 4-o 41o 4-o 41o 4-o 41o 4-o 41o 4-o,0 0 1 1 2 2 3 3 4 4 5 5 6,1 1 -1 -1 1 1 -1 -1 1 1 -1 -1 1,AlAd_07,AlAd_4-_41_bas_1,test01-007,12:19:57,0:19:00,12:38:57,2022-05-14_12-38-57-ffc70db0,7d856ac2_0.0-44.836,,Elite,AlAd_face.JPG,AlAd_cote.JPG,4.5,0.25,3,1,,630 720,,,OK,G,
AlAd,4-/ 43/ 4-/ 43/ 4-/ 43/ 4-/ 43/ 4-/ 43/,0 0 1 1 2 2 3 3 4 4,1 1 -1 -1 1 1 -1 -1 1 1,AlAd_08,AlAd_4-_43_1,test01-008,12:21:12,0:19:00,12:40:12,2022-05-14_12-40-12-5cec8517,80ffa09c_0.0-57.114,,Elite,AlAd_face.JPG,AlAd_cote.JPG,3.5,0.25,4 5 6 7,5 6 7 8,,0 200,,,OK,G,
AlAd,8-1< 811< 8-1< 811< 8-1<,0 0 1 1 2,1 -1 1 -1 1,AlAd_09,AlAd_8-1_811_1,test01-009,12:23:12,0:19:00,12:42:12,2022-05-14_12-42-12-e85bdeed,c1fc146b_0.0-90.506,,Elite,AlAd_face.JPG,AlAd_cote.JPG,4.5,0.25,13 14 15 16 17,9 10 11 12 13,,750 830,,,OK,G,
AlAd,8-1< 811<,0 0,1 -1,AlAd_10,AlAd_8-1_811_2,test01-010,12:26:06,0:19:00,12:45:06,2022-05-14_12-45-06-86c38102,134cb19e_0.0-51.25,,Elite,AlAd_face.JPG,AlAd_cote.JPG,3.5,0.25,10 11 12 13 14 15,6 7 8 9 10 11,,330 420,,,OK,G,
AlAd,8-1< 811< 8-1< 811<,0 0 1 1,1 -1 1 -1,AlAd_11,AlAd_8-1_811_3,test01-011,12:28:14,0:19:00,12:47:14,2022-05-14_12-47-14-0eafbabd,1f8f162a_0.0-71.003,,Elite,AlAd_face.JPG,AlAd_cote.JPG,4,0.25,8 9 10 11,4 5 6 7,,1200 1280,,,OK,G,
AlAd,4-/ 43/ 4-/ 43/ 4-/ 43/ 4-/ 43/ 4-/ 43/ 4-/ 43/,0 0 1 1 2 2 3 3 4 4 5 5,1 1 -1 -1 1 1 -1 -1 1 1 -1 -1,AlAd_12,AlAd_4-_43_2,test01-012,12:33:03,0:19:00,12:52:03,2022-05-14_12-52-03-b2cc7616,9599dfee_0.0-65.197,,Elite,AlAd_face.JPG,AlAd_cote.JPG,3.5,0.25,5 6 7 8 9 10 11,0 1 2 3 4 5 6,,1090 1240,,,OK,G,
AlAd,8-1o 8--o 8-1o 8--o 8-1o 8--o 8-1o 8--o 8-1o 8--o,0 0 1 1 2 2 3 3 4 4,1 -1 -1 1 1 -1 -1 1 1 -1,AlAd_13,AlAd_8-1_8--_1,test01-013,12:36:28,0:19:00,12:55:28,2022-05-14_12-55-28-2ea567e2,5d8435dc_0.0-74.176,,Elite,AlAd_face.JPG,AlAd_cote.JPG,3.5,0.25,15 16 17 18 19,11 12 13 14 15,,460 560,,,OK,G,
AlAd,4-o 41o 4-o 41o 4-o 41o 4-o 41o 4-o 41o 4-o 41o,0 0 1 1 2 2 3 3 4 4 5 5,1 1 -1 -1 1 1 -1 -1 1 1 -1 -1,AlAd_14,AlAd_4-_41_haut_1,test01-014,12:42:01,0:19:00,13:01:01,2022-05-14_13-01-01-70b225ab,83c1c685_0.0-68.113,,Elite,AlAd_face.JPG,AlAd_cote.JPG,3.5,0.25,9 10 11 12 13,3 4 5 6 7,,580 780,,,OK,G,
JaSh,4-o 41o 4-o 41o 4-o 41o 4-o 41o 4-o 41o,0 0 1 1 2 2 3 3 4 4,-1 -1 1 1 -1 -1 1 1 -1 -1,JaSh_01,JaSh_4-_41_bas_1,test01-001,10:32:36,0:45:34,11:18:10,2022-07-25_11-18-10-e0e602d1,bc9f069e_0.0-64.627,,SubElite,IMG_7695.JPG,IMG_7698.JPG,,,1 2 3 4 5,1 2 3 4 5,,200 400,,,OK,G,
JaSh,4-o 41o 4-o 41o 4-o 41o 4-o 41o 4-o 41o,0 0 1 1 2 2 3 3 4 4,-1 -1 1 1 -1 -1 1 1 -1 -1,JaSh_02,JaSh_4-_41_haut_2,test01-002,10:35:35,0:45:34,11:21:09,2022-07-25_11-21-09-32ab7965,1d201313_0.0-37.314,,SubElite,IMG_7695.JPG,IMG_7698.JPG,4,0.25,1 2 3 4 5,0 1 2 3 4,,50 150,,,OK,G,
JaSh,4-o 41o 4-o 41o 4-o 41o 4-o 41o 4-o 41o,0 0 1 1 2 2 3 3 4 4,-1 -1 1 1 -1 -1 1 1 -1 -1,JaSh_03,JaSh_4-_41_bas_2,test01-003,10:36:41,0:45:34,11:22:15,2022-07-25_11-22-15-c919e7fb,d7271a03_0.0-39.561,,SubElite,IMG_7695.JPG,IMG_7698.JPG,4,0.25,1 2 3,0 1 2,,180 300,,,OK,G,
JaSh,4-/ 43/,0 0,-1 -1,JaSh_04,JaSh_4-_43_1,test01-004,10:38:44,0:45:34,11:24:18,2022-07-25_11-24-18-fde4a382,00ee1e40_0.0-24.109,,SubElite,IMG_7695.JPG,IMG_7698.JPG,3.5,0.25,1 2 3 4 5 6 7,0 1 2 3 4 5 6,,160 360,,,OK,G,
JaSh,4-/ 43/ 4-/ 43/,0 0 1 1,-1 -1 1 1,JaSh_05,JaSh_4-_43_2,test01-005,10:39:32,0:45:34,11:25:06,2022-07-25_11-25-06-5854a250,33a32052_0.0-27.165,,SubElite,IMG_7695.JPG,IMG_7698.JPG,5,0.25,,,,60 260,,,OK,G,
JaSh,4-/ 43/ 4-/ 43/,0 0 1 1,-1 -1 1 1,JaSh_06,JaSh_4-_43_3,test01-006,10:40:48,0:45:34,11:26:22,2022-07-25_11-26-22-2ebc75d7,5cf41b6e_0.0-26.318,,SubElite,IMG_7695.JPG,IMG_7698.JPG,5,0.25,,,,420 620,,,OK,G,
JaSh,41/ 42/,0 0,-1 1,JaSh_07,JaSh_41_42_1,test01-007,10:41:42,0:45:34,11:27:16,2022-07-25_11-27-16-03f393f6,025165ab_0.0-19.169,,SubElite,IMG_7695.JPG,IMG_7698.JPG,5,0.25,,,,160 360,,,OK,G,
JaSh,41/ 42/ 41/ 42/,0 0 1 1,-1 1 1 -1,JaSh_08,JaSh_41_42_2,test01-008,10:42:16,0:45:34,11:27:50,2022-07-25_11-27-50-c8783754,d5e6d7f1_0.0-25.184,,SubElite,IMG_7695.JPG,IMG_7698.JPG,5,0.25,,,,130 330,,,OK,G,
JaSh,41/ 42/ 41/ 42/,0 0 1 1,-1 1 1 -1,JaSh_09,JaSh_41_42_3,test01-009,10:42:55,0:45:34,11:28:29,2022-07-25_11-28-29-83f11574,72ff1a72_0.0-27.107,,SubElite,IMG_7695.JPG,IMG_7698.JPG,5,0.25,,,,300 500,,,OK,G,
JaSh,4-o 41o 4-o 41o 4-o 41o 4-o 41o 4-o 41o,0 0 1 1 2 2 3 3 4 4,-1 -1 1 1 -1 -1 1 1 -1 -1,JaSh_10,JaSh_4-_41_haut_2,test01-010,10:48:08,0:45:34,11:33:42,2022-07-25_11-33-42-3bcba14e,c593ad75_0.0-33.69,,SubElite,IMG_7695.JPG,IMG_7698.JPG,,,,,,550 660,,,OK,G,
JaSh,41/ 42/,0 0,-1 1,JaSh_11,JaSh_41_42_5,test01-012,10:49:40,0:45:34,11:35:14,2022-07-25_11-35-14-d04a28f2,7ba9c5f6_0.0-21.093,,SubElite,IMG_7695.JPG,IMG_7698.JPG,3.5,0.25,7 8,6 7,,220 340,,,OK,G,
JaSh,41/ 42/ 41/ 42/,0 0 1 1,-1 1 1 -1,JaSh_12,JaSh_41_42_6,test01-013,10:51:02,0:45:34,11:36:36,2022-07-25_11-36-36-db45c3f2,f2c5f094_0.0-28.585,,SubElite,IMG_7695.JPG,IMG_7698.JPG,3.5,0.25,0 1 2 3 4 5 6,0 1 2 3 4 5 6,,75 200,,,OK,G,
JaSh,4-/ 43/,0 0,-1 -1,JaSh_13,,,10:52:02,0:45:34,11:37:36,2022-07-25_11-37-36-07972ce2,d5de6fe4_0.0-21.44,,SubElite,IMG_7695.JPG,IMG_7698.JPG,,,,,,,,,,,Manque Xsens
JaSh,4-/ 43/ 4-/ 43/,0 0 1 1,-1 -1 1 1,JaSh_14,JaSh_4-_43_5,test01-016,10:56:09,0:45:34,11:41:43,2022-07-25_11-41-43-94d4b729,141d3026_0.0-27.87,,SubElite,IMG_7695.JPG,IMG_7698.JPG,4,0.25,,,,140 340,,,OK,G,
JaSh,4-/ 43/,0 0,-1 -1,JaSh_15,JaSh_4-_43_6,test01-017,10:56:51,0:45:34,11:42:25,2022-07-25_11-42-25-95709cc6,49841312_0.0-27.789,,SubElite,IMG_7695.JPG,IMG_7698.JPG,5,0.25,,,,200 400,,,OK,G,
JaSh,4-/ 43/,0 0,-1 -1,JaSh_16,JaSh_4-_43_7,test01-018,10:57:28,0:45:34,11:43:02,2022-07-25_11-43-02-aa246e81,48dd6c12_0.0-25.121,,SubElite,IMG_7695.JPG,IMG_7698.JPG,3.5,0.25,2 3 4 5 6 7 8 9,0 1 2 3 4 5 6 7,,175 375,,,OK,G,
JaNo,4-/ 43/ 4-/,0 0 1,1 1 -1,JaNo_01,JaNo_4-_43_1,test01-001,11:35:28,0:45:36,12:21:04,2022-07-25_12-21-04-8d96e295,9f42e086_0.0-32.043,,SubElite,IMG_7703.JPG,IMG_7700.JPG,5,0.4,1 2 3 4,0 1 2 3,,500 660,,,OK,D,
JaNo,4-o 41o 4-o 41o 4-o 41o 4-o 41o 4-o 41o 4-o 41o 4-o 41o,0 0 1 1 2 2 3 3 4 4 5 5 6 6,1 1 1 1 -1 -1 1 1 -1 -1 1 1 -1 -1,JaNo_02,JaNo_4-_41_bas_1,test01-002,11:38:43,0:45:36,12:24:19,2022-07-25_12-24-19-11e3b5fd,6e880682_0.0-75.568,,SubElite,IMG_7703.JPG,IMG_7700.JPG,3.5,0.25,7 8 9 10,0 1 2 3,,330 350,,,OK,D,
JaNo,4-o 41o 4-o 41o 4-o 41o 4-o 41o 4-o 41o,0 0 1 1 2 2 3 3 4 4,1 1 -1 -1 1 1 -1 -1 1 1,JaNo_03,JaNo_4-_41_bas_2,test01-003,11:40:10,0:45:36,12:25:46,2022-07-25_12-25-46-e3d7d073,14658c6e_0.0-32.22,,SubElite,IMG_7703.JPG,IMG_7700.JPG,3.5,0.25,7,5,,220 280,,,OK,D,labelling strange 
JaNo,4-/ 43/ 4-/ 43/ 4-/ 43/ 4-/ 43/ 4-/ 43/,0 0 1 1 2 2 3 3 4 4,1 1 -1 -1 1 1 -1 -1 1 1,JaNo_04,JaNo_4-_43_2,test01-004,11:41:11,0:45:36,12:26:47,2022-07-25_12-26-47-f069936b,0aaa7591_0.0-58.135,,SubElite,IMG_7703.JPG,IMG_7700.JPG,3.5,0.25,0 1 2 3 4 5 8 9 10 11 12 13,0 1 2 3 4 5 7 8 9 10 11 12,,80 280,,,OK,D,
JaNo,41/ 42/ 41/ 42/ 41/ 42/ 41/ 42/ 41/ 42/,0 0 1 1 2 2 3 3 4 4,1 -1 -1 1 1 -1 -1 1 1 -1,JaNo_05,JaNo_41_42_1,test01-005,11:46:15,0:45:36,12:31:51,2022-07-25_12-31-51-ab58f99d,f65f2ada_0.0-53.348,,SubElite,IMG_7703.JPG,IMG_7700.JPG,5,0.5,0 1 2 3 4,0 1 2 3 4,,600 800,,,OK,D,
JaNo,4-o 41o 4-o 41o 4-o 41o 4-o 41o 4-o 41o,0 0 1 1 2 2 3 3 4 4,1 1 -1 -1 1 1 -1 -1 1 1,JaNo_06,JaNo_4-_41_haut_1,test01-006,11:47:25,0:45:36,12:33:01,2022-07-25_12-33-01-84be865d,e0f5c505_0.0-46.703,,SubElite,IMG_7703.JPG,IMG_7700.JPG,4,0.25,1 2 3 4 5 6 7 8 9 10,0 1 2 3 4 5 6 7 8 9,,40 90,,,OK,D,
JaNo,41/ 42/ 41/ 42/ 41/ 42/ 41/ 42/ 41/ 42/,0 0 1 1 2 2 3 3 4 4,1 -1 -1 1 1 -1 -1 1 1 -1,JaNo_07,JaNo_41_42_2,test01-007,11:48:33,0:45:36,12:34:09,2022-07-25_12-34-09-a68752b6,7cea905c_0.0-66.549,,SubElite,IMG_7703.JPG,IMG_7700.JPG,3.5,0.25,3 4 5 6 7 8 9 10 11 12 13 14 15 16 17,0 1 2 3 4 5 6 7 8 9 10 11 12 13 14,,330 530,,,OK,D,
JaNo,4-o 41o 4-o 41o 4-o 41o 4-o 41o 4-o 41o,0 0 1 1 2 2 3 3 4 4,1 1 -1 -1 1 1 -1 -1 1 1,JaNo_08,JaNo_4-_41_haut_2,test01-008,11:50:05,0:45:36,12:35:41,2022-07-25_12-35-41-4a6f937a,312daeea_0.0-51.791,,SubElite,IMG_7703.JPG,IMG_7700.JPG,3.5,0.25,10 11 12 13 14 15,6 7 8 9 10 11,,470 530,,,OK,D,
AnSt,4-o 41o 4-o 41o 4-o 41o,0 0 1 1 2 2,-1 -1 1 1 -1 -1,AnSt_01,AnSt_4-_41_bas_1,test01-001,12:31:51,0:45:37,13:17:28,2022-07-25_13-17-28-f287edd4,2c777688_0.0-43.966,,SubElite,IMG_7710.JPG,IMG_7709.JPG,3.5,0.25,0 1 2 3 4 5 6 7,0 1 2 3 4 5 6 7,,120 320,,,OK,D,
AnSt,4-o 41o 4-o 41o 4-o 41o 4-o 41o 4-o 41o,0 0 1 1 2 2 3 3 4 4,-1 -1 1 1 -1 -1 1 1 -1 -1,AnSt_02,AnSt_4-_41_bas_2,test01-002,12:32:54,0:45:37,13:18:31,2022-07-25_13-18-31-313c998d,58b73df3_0.0-31.897,,SubElite,IMG_7710.JPG,IMG_7709.JPG,3.5,0.25,0 1 2 3 4,0 1 2 3 4,,0 150,,,OK,D,
AnSt,41/ 42/,0 0,-1 1,AnSt_03,AnSt_41_42_2 (44 en dernier oups),test01-004,12:34:47,0:45:37,13:20:24,2022-07-25_13-20-24-681916fe,fa04b7c0_0.0-29.07,,SubElite,IMG_7710.JPG,IMG_7709.JPG,3.5,0.25,0 1 2 3 4,0 1 2 3 4,,145 345,,,OK,D,
AnSt,41/ 42/,0 0,-1 1,AnSt_04,AnSt_41_42_3 (44 en dernier oupsi),test01-005,12:35:38,0:45:37,13:21:15,2022-07-25_13-21-15-e2fed75a,4d09a180_0.0-32.6,,SubElite,IMG_7710.JPG,IMG_7709.JPG,3.5,0.25,0 1 2 3 4 5,0 1 2 3 4 5,,260 460,,,OK,D,
AnSt,41/ 42/,0 0,-1 1,AnSt_05,AnSt_41_42_4,test01-006,12:36:33,0:45:37,13:22:10,2022-07-25_13-22-10-bffbc136,03742bd3_0.0-17.769,,SubElite,IMG_7710.JPG,IMG_7709.JPG,3.5,0.25,,,,50 250,,,OK,D,
AnSt,41/ 44/,0 0,-1 1,AnSt_06,AnSt_41_44 (oupsi),test01-007,12:36:59,0:45:37,13:22:36,2022-07-25_13-22-36-4aec7efb,aea6033b_0.0-17.568,,SubElite,IMG_7710.JPG,IMG_7709.JPG,3.5,0.25,,,,100 240,,,OK,D,
AnSt,41/ 44/,0 0,-1 1,AnSt_07,AnSt_41_44_2 (oupsi),test01-008,12:37:31,0:45:37,13:23:08,2022-07-25_13-23-08-3b658589,0db6a684_0.0-34.612,,SubElite,IMG_7710.JPG,IMG_7709.JPG,3.5,0.25,,,,50 130,,,OK,D,
AnSt,41o 4-o 41o 4-o 41o 4-o 41o 4-o 41o 4-o,0 0 1 1 2 2 3 3 4 4,-1 1 1 -1 -1 1 1 -1 -1 1,AnSt_08,AnSt_4-_41_3,test01-009,12:38:52,0:45:37,13:24:29,2022-07-25_13-24-29-daff948e,24ca00a6_0.0-28.129,,SubElite,IMG_7710.JPG,IMG_7709.JPG,3.5,0.25,2 3 4 5,0 1 2 3,,550 750,,,OK,D,
AnSt,4-o 41o 4-o 41o 4-o 41o 4-o 41o 4-o 41o,0 0 1 1 2 2 3 3 4 4,-1 -1 1 1 -1 -1 1 1 -1 -1,AnSt_09,AnSt_4-_41_haut_1,test01-010,12:40:38,0:45:37,13:26:15,2022-07-25_13-26-15-0c456ce1,6e3d569d_0.0-35.758,,SubElite,IMG_7710.JPG,IMG_7709.JPG,4,0.4,,,,560 760,,,OK,D,
AnSt,4-/ 43/,0 0,-1 -1,AnSt_10,,,12:41:54,0:45:37,13:27:31,2022-07-25_13-27-31-7320a652,2d09b226_0.0-222.976,,SubElite,IMG_7710.JPG,IMG_7709.JPG,,,,,,,,,,,Manque Xsens
AnSt,4-/ 43/,0 0,-1 -1,AnSt_11,AnSt_4-_43_1,test01-011,12:45:47,0:45:37,13:31:24,2022-07-25_13-31-24-69bef378,ce0964e2_0.0-19.778,,SubElite,IMG_7710.JPG,IMG_7709.JPG,3.5,0.25,,,,920 1120,,,OK,D,
AnSt,4-/ 43/,0 0,-1 -1,AnSt_12,AnSt_4-_43_2,test01-012,12:46:18,0:45:37,13:31:55,2022-07-25_13-31-55-fe72c381,a3aa02a1_0.0-16.775,,SubElite,IMG_7710.JPG,IMG_7709.JPG,3.5,0.25,,,,275 475,,,OK,D,
AnSt,4-/ 43/,0 0,-1 -1,AnSt_13,AnSt_4-_43_3,test01-013,12:47:56,0:45:37,13:33:33,2022-07-25_13-33-33-e1b43cca,ba02bdde_0.0-17.15,,SubElite,IMG_7710.JPG,IMG_7709.JPG,3.5,0.25,,,,650 850,,,OK,D,
AnSt,4-/ 43/,0 0,-1 -1,AnSt_14,AnSt_4-_43_4,test01-014,12:48:21,0:45:37,13:33:58,2022-07-25_13-33-58-bd8775af,71ba546f_0.0-17.974,,SubElite,IMG_7710.JPG,IMG_7709.JPG,3.5,0.25,,,,50 250,,,OK,D,
AnSt,4-/ 43/,0 0,-1 -1,AnSt_15,AnSt_4-_43_5,test01-015,12:48:46,0:45:37,13:34:23,2022-07-25_13-34-23-b92d8555,a92eeb4d_0.0-19.241,,SubElite,IMG_7710.JPG,IMG_7709.JPG,4,0.5,,,,140 340,,,OK,D,
AnSt,4-/ 43/,0 0,-1 -1,AnSt_16,AnSt_4-_43_6,test01-016,12:49:24,0:45:37,13:35:01,2022-07-25_13-35-01-0d45d8fa,807259a9_0.0-19.263,,SubElite,IMG_7710.JPG,IMG_7709.JPG,3.5,0.25,,,,240 440,,,OK,D,
AnSt,4-/ 43/,0 0,-1 -1,AnSt_17,AnSt_4-_43_7,test01-017,12:51:00,0:45:37,13:36:37,2022-07-25_13-36-37-a1037f05,aa4ea293_0.0-20.604,,SubElite,IMG_7710.JPG,IMG_7709.JPG,3.5,0.25,,,,250 450,,,OK,D,
AnSt,4-/ 43/,0 0,-1 -1,AnSt_18,AnSt_4-_43_8,test01-018,12:51:30,0:45:37,13:37:07,2022-07-25_13-37-07-53b38169,87339409_0.0-18.321,,SubElite,IMG_7710.JPG,IMG_7709.JPG,3.5,0.25,,,,170 370,,,OK,D,
AnSt,4-/ 43/,0 0,-1 -1,AnSt_19,AnSt_4-_43_9,test01-019,12:51:55,0:45:37,13:37:32,2022-07-25_13-37-32-125553cb,b015d3f0_0.0-18.709,,SubElite,IMG_7710.JPG,IMG_7709.JPG,3.5,0.25,,,,80 280,,,OK,D,
AnSt,4-/ 43/,0 0,-1 -1,AnSt_20,AnSt_4-_43_10,test01-020,12:52:21,0:45:37,13:37:58,2022-07-25_13-37-58-4b833b29,279f671e_0.0-24.964,,SubElite,IMG_7710.JPG,IMG_7709.JPG,3.5,0.25,,,,40 240,,,OK,D,
AnSt,4-o 41o 4-o 41o 4-o 41o 4-o 41o 4-o 41o,0 0 1 1 2 2 3 3 4 4,-1 -1 1 1 -1 -1 1 1 -1 -1,AnSt_21,AnSt_4-_41_haut_2,test01-021,12:53:23,0:45:37,13:39:00,2022-07-25_13-39-00-2d14d90b,32a33a16_0.0-31.899,,SubElite,IMG_7710.JPG,IMG_7709.JPG,4,0.4,5 6 7 8 9,0 1 2 3 4,,610 650,,,OK,D,True
AnSt,41/ 42/,0 0,-1 1,AnSt_22,AnSt_41_42_4,test01-022,12:55:54,0:45:37,13:41:31,2022-07-25_13-41-31-c66a6565,136f4b29_0.0-20.125,,SubElite,IMG_7710.JPG,IMG_7709.JPG,3.5,0.25,,,,775 975,,,OK,D,
AnSt,41/ 44/,0 0,-1 1,AnSt_23,AnSt_41_42_4,test01-023,12:56:21,0:45:37,13:41:58,2022-07-25_13-41-58-c04f8cc3,5d13788b_0.0-31.47,,SubElite,IMG_7710.JPG,IMG_7709.JPG,,,,,,200 320,,,OK,D,
AnSt,41/ 42/,0 0,-1 1,AnSt_24,AnSt_41_42_5,test01-024,12:59:08,0:45:37,13:44:45,2022-07-25_13-44-45-b7032383,fc59b859_0.0-19.541,,SubElite,IMG_7710.JPG,IMG_7709.JPG,4,0.4,,,,575 775,True,,OK,D,
AnSt,41/ 42/,0 0,-1 1,AnSt_25,AnSt_41_42_6,test01-025,12:59:35,0:45:37,13:45:12,2022-07-25_13-45-12-2a4f3932,f7581873_0.0-18.524,,SubElite,IMG_7710.JPG,IMG_7709.JPG,3.5,0.25,,,,0 200,,,OK,D,
AnSt,41/ 42/,0 0,-1 1,AnSt_26,AnSt_41_42_7,test01-026,13:00:03,0:45:37,13:45:40,2022-07-25_13-45-40-527bb926,219febb8_0.0-19.82,,SubElite,IMG_7710.JPG,IMG_7709.JPG,3.5,0.25,,,,400 600,,,OK,D,
AnSt,41/ 42/,0 0,-1 1,AnSt_27,AnSt_41_42_8,test01-027,13:02:38,0:45:37,13:48:15,2022-07-25_13-48-15-3babc299,97888d50_0.0-18.268,,SubElite,IMG_7710.JPG,IMG_7709.JPG,3.5,0.25,,,,250 450,,,OK,D,
AnSt,41/ 42/,0 0,-1 1,AnSt_28,AnSt_41_42_9,test01-028,13:03:05,0:45:37,13:48:42,2022-07-25_13-48-42-d7ed1d43,5fc27aad_0.0-26.187,,SubElite,IMG_7710.JPG,IMG_7709.JPG,3.5,0.25,,,,200 400,,,OK,D,
AnSt,41/ 42/,0 0,-1 1,AnSt_29,AnSt_41_42_10,test01-029,13:03:42,0:45:37,13:49:19,2022-07-25_13-49-19-32b35e62,d41b2c5d_0.0-25.341,,SubElite,IMG_7710.JPG,IMG_7709.JPG,3.5,0.25,,,,150 350,,,OK,D,
JeCh,41/ 42/ 41/ 42/,0 0 1 1,1 -1 -1 1,JeCh_2_1,JeCh_2_1,JeCh_2_1,,,13:05:05,2022-10-01_13-05-05-cec423a9,7f5ecb7b_0.0-28.359,,Elite,277919310_418695373398395_5390958102959184963_n.jpg,278362009_3231842090378120_8603896538613714454_n.jpg,3.5,0.25,,,,475 675,,,OK,D,
JeCh,41/ 42/ 41/ 42/ 41/ 42/ 41/ 42/ 41/ 42/,0 0 1 1 2 2 3 3 4 4,1 -1 -1 1 1 -1 -1 1 1 -1,JeCh_2_2,JeCh_2_2,JeCh_2_2,,,13:07:31,2022-10-01_13-07-31-b9f81dca,fe99a945_0.0-39.095,,Elite,277919310_418695373398395_5390958102959184963_n.jpg,278362009_3231842090378120_8603896538613714454_n.jpg,3.5,0.25,,,,90 290,,,OK,D,
JeCh,41/ 42/ 41/ 42/ 41/ 42/ 41/ 42/ 41/ 42/,0 0 1 1 2 2 3 3 4 4,1 -1 -1 1 1 -1 -1 1 1 -1,JeCh_2_3,JeCh_2_3,JeCh_2_3,,,13:10:27,2022-10-01_13-10-27-ac0053f1,92055057_0.0-36.774,,Elite,277919310_418695373398395_5390958102959184963_n.jpg,278362009_3231842090378120_8603896538613714454_n.jpg,3.5,0.25,,,,575 775,,,OK,D,
JeCh,43/ 4-/ 43/ 4-/ 43/ 4-/ 43/ 4-/ 43/ 4-/,0 0 1 1 2 2 3 3 4 4,1 -1 -1 1 1 -1 -1 1 1 -1,JeCh_2_4,JeCh_2_4,JeCh_2_4,,,13:12:58,2022-10-01_13-12-58-bd960c36,380131d6_0.0-36.935,,Elite,277919310_418695373398395_5390958102959184963_n.jpg,278362009_3231842090378120_8603896538613714454_n.jpg,5,0.25,,,,240 440,,,OK,D,
JeCh,43/ 4-/ 43/ 4-/ 43/ 4-/ 43/ 4-/ 43/ 4-/,0 0 1 1 2 2 3 3 4 4,1 -1 -1 1 1 -1 -1 1 1 -1,JeCh_2_5,JeCh_2_5,JeCh_2_5,,,13:15:38,2022-10-01_13-15-38-99a28694,0d58f43e_0.0-36.822,,Elite,277919310_418695373398395_5390958102959184963_n.jpg,278362009_3231842090378120_8603896538613714454_n.jpg,3.5,0.25,,,,275 475,,,OK,D,
